origin,destination,num_nodes,num_edges,avg_degree,density,best_runtime,best_cost
0970,2000,37,104,5.621621621621622,0.15615615615615616,DFS,BFS
0970,2200,37,104,5.621621621621622,0.15615615615615616,BS,BFS
0970,2820,37,104,5.621621621621622,0.15615615615615616,BS,BFS
0970,2825,37,104,5.621621621621622,0.15615615615615616,BS,BFS
0970,2827,37,104,5.621621621621622,0.15615615615615616,BS,BFS
0970,2846,37,104,5.621621621621622,0.15615615615615616,BS,BFS
0970,3001,37,104,5.621621621621622,0.15615615615615616,BS,BFS
0970,3002,37,104,5.621621621621622,0.15615615615615616,GBFS,BFS
0970,3120,37,104,5.621621621621622,0.15615615615615616,DFS,BFS
0970,3122,37,104,5.621621621621622,0.15615615615615616,GBFS,BFS
0970,3126,37,104,5.621621621621622,0.15615615615615616,DFS,BFS
0970,3127,37,104,5.621621621621622,0.15615615615615616,GBFS,BFS
0970,3180,37,104,5.621621621621622,0.15615615615615616,GBFS,BFS
0970,3662,37,104,5.621621621621622,0.15615615615615616,GBFS,BFS
0970,3682,37,104,5.621621621621622,0.15615615615615616,IDDFS,BFS
0970,3685,37,104,5.621621621621622,0.15615615615615616,IDDFS,BFS
0970,3804,37,104,5.621621621621622,0.15615615615615616,GBFS,BFS
0970,3812,37,104,5.621621621621622,0.15615615615615616,GBFS,BFS
0970,4030,37,104,5.621621621621622,0.15615615615615616,BS,BFS
0970,4032,37,104,5.621621621621622,0.15615615615615616,BS,BFS
0970,4034,37,104,5.621621621621622,0.15615615615615616,BS,BFS
0970,4035,37,104,5.621621621621622,0.15615615615615616,GBFS,BFS
0970,4040,37,104,5.621621621621622,0.15615615615615616,BS,BFS
0970,4043,37,104,5.621621621621622,0.15615615615615616,GBFS,BFS
0970,4051,37,104,5.621621621621622,0.15615615615615616,BS,BFS
0970,4057,37,104,5.621621621621622,0.15615615615615616,GBFS,BFS
0970,4063,37,104,5.621621621621622,0.15615615615615616,GBFS,BFS
0970,4262,37,104,5.621621621621622,0.15615615615615616,BS,BFS
0970,4263,37,104,5.621621621621622,0.15615615615615616,BS,BFS
0970,4264,37,104,5.621621621621622,0.15615615615615616,GBFS,BFS
0970,4266,37,104,5.621621621621622,0.15615615615615616,GBFS,BFS
0970,4270,37,104,5.621621621621622,0.15615615615615616,GBFS,BFS
0970,4272,37,104,5.621621621621622,0.15615615615615616,BS,BFS
0970,4273,37,104,5.621621621621622,0.15615615615615616,GBFS,BFS
0970,4321,37,104,5.621621621621622,0.15615615615615616,BS,BFS
0970,4324,37,104,5.621621621621622,0.15615615615615616,BS,BFS
0970,4335,37,104,5.621621621621622,0.15615615615615616,GBFS,BFS
0970,4812,37,104,5.621621621621622,0.15615615615615616,BS,BFS
0970,4821,37,104,5.621621621621622,0.15615615615615616,BS,BFS
2000,0970,37,104,5.621621621621622,0.15615615615615616,DFS,BFS
2000,2200,37,104,5.621621621621622,0.15615615615615616,BS,BFS
2000,2820,37,104,5.621621621621622,0.15615615615615616,GBFS,BFS
2000,2825,37,104,5.621621621621622,0.15615615615615616,BS,BFS
2000,2827,37,104,5.621621621621622,0.15615615615615616,GBFS,BFS
2000,2846,37,104,5.621621621621622,0.15615615615615616,BS,BFS
2000,3001,37,104,5.621621621621622,0.15615615615615616,GBFS,BFS
2000,3002,37,104,5.621621621621622,0.15615615615615616,BS,BFS
2000,3120,37,104,5.621621621621622,0.15615615615615616,BS,BFS
2000,3122,37,104,5.621621621621622,0.15615615615615616,GBFS,BFS
2000,3126,37,104,5.621621621621622,0.15615615615615616,BFS,BFS
2000,3127,37,104,5.621621621621622,0.15615615615615616,BS,BFS
2000,3180,37,104,5.621621621621622,0.15615615615615616,BS,BFS
2000,3662,37,104,5.621621621621622,0.15615615615615616,GBFS,BFS
2000,3682,37,104,5.621621621621622,0.15615615615615616,IDDFS,BFS
2000,3685,37,104,5.621621621621622,0.15615615615615616,IDDFS,BFS
2000,3804,37,104,5.621621621621622,0.15615615615615616,BS,BFS
2000,3812,37,104,5.621621621621622,0.15615615615615616,GBFS,BFS
2000,4030,37,104,5.621621621621622,0.15615615615615616,BS,BFS
2000,4032,37,104,5.621621621621622,0.15615615615615616,BS,BFS
2000,4034,37,104,5.621621621621622,0.15615615615615616,GBFS,BFS
2000,4035,37,104,5.621621621621622,0.15615615615615616,BS,BFS
2000,4040,37,104,5.621621621621622,0.15615615615615616,GBFS,BFS
2000,4043,37,104,5.621621621621622,0.15615615615615616,IDDFS,BFS
2000,4051,37,104,5.621621621621622,0.15615615615615616,GBFS,BFS
2000,4057,37,104,5.621621621621622,0.15615615615615616,BS,BFS
2000,4063,37,104,5.621621621621622,0.15615615615615616,BS,BFS
2000,4262,37,104,5.621621621621622,0.15615615615615616,BS,BFS
2000,4263,37,104,5.621621621621622,0.15615615615615616,BS,BFS
2000,4264,37,104,5.621621621621622,0.15615615615615616,BS,BFS
2000,4266,37,104,5.621621621621622,0.15615615615615616,BS,BFS
2000,4270,37,104,5.621621621621622,0.15615615615615616,GBFS,BFS
2000,4272,37,104,5.621621621621622,0.15615615615615616,BS,BFS
2000,4273,37,104,5.621621621621622,0.15615615615615616,IDDFS,BFS
2000,4321,37,104,5.621621621621622,0.15615615615615616,BS,BFS
2000,4324,37,104,5.621621621621622,0.15615615615615616,BS,BFS
2000,4335,37,104,5.621621621621622,0.15615615615615616,GBFS,BFS
2000,4812,37,104,5.621621621621622,0.15615615615615616,BS,BFS
2000,4821,37,104,5.621621621621622,0.15615615615615616,BS,BFS
2200,0970,37,104,5.621621621621622,0.15615615615615616,BFS,BFS
2200,2000,37,104,5.621621621621622,0.15615615615615616,BFS,BFS
2200,2820,37,104,5.621621621621622,0.15615615615615616,DFS,BFS
2200,2825,37,104,5.621621621621622,0.15615615615615616,DFS,BFS
2200,2827,37,104,5.621621621621622,0.15615615615615616,BFS,BFS
2200,2846,37,104,5.621621621621622,0.15615615615615616,BFS,BFS
2200,3001,37,104,5.621621621621622,0.15615615615615616,BFS,BFS
2200,3002,37,104,5.621621621621622,0.15615615615615616,BFS,BFS
2200,3120,37,104,5.621621621621622,0.15615615615615616,BFS,BFS
2200,3122,37,104,5.621621621621622,0.15615615615615616,BFS,BFS
2200,3126,37,104,5.621621621621622,0.15615615615615616,BFS,BFS
2200,3127,37,104,5.621621621621622,0.15615615615615616,DFS,BFS
2200,3180,37,104,5.621621621621622,0.15615615615615616,BFS,BFS
2200,3662,37,104,5.621621621621622,0.15615615615615616,BFS,BFS
2200,3682,37,104,5.621621621621622,0.15615615615615616,DFS,BFS
2200,3685,37,104,5.621621621621622,0.15615615615615616,BFS,BFS
2200,3804,37,104,5.621621621621622,0.15615615615615616,BFS,BFS
2200,3812,37,104,5.621621621621622,0.15615615615615616,BFS,BFS
2200,4030,37,104,5.621621621621622,0.15615615615615616,BFS,BFS
2200,4032,37,104,5.621621621621622,0.15615615615615616,BFS,BFS
2200,4034,37,104,5.621621621621622,0.15615615615615616,BFS,BFS
2200,4035,37,104,5.621621621621622,0.15615615615615616,DFS,BFS
2200,4040,37,104,5.621621621621622,0.15615615615615616,DFS,BFS
2200,4043,37,104,5.621621621621622,0.15615615615615616,DFS,BFS
2200,4051,37,104,5.621621621621622,0.15615615615615616,BFS,BFS
2200,4057,37,104,5.621621621621622,0.15615615615615616,BFS,BFS
2200,4063,37,104,5.621621621621622,0.15615615615615616,DFS,BFS
2200,4262,37,104,5.621621621621622,0.15615615615615616,DFS,BFS
2200,4263,37,104,5.621621621621622,0.15615615615615616,BFS,BFS
2200,4264,37,104,5.621621621621622,0.15615615615615616,BFS,BFS
2200,4266,37,104,5.621621621621622,0.15615615615615616,DFS,BFS
2200,4270,37,104,5.621621621621622,0.15615615615615616,BFS,BFS
2200,4272,37,104,5.621621621621622,0.15615615615615616,BFS,BFS
2200,4273,37,104,5.621621621621622,0.15615615615615616,BFS,BFS
2200,4321,37,104,5.621621621621622,0.15615615615615616,BFS,BFS
2200,4324,37,104,5.621621621621622,0.15615615615615616,DFS,BFS
2200,4335,37,104,5.621621621621622,0.15615615615615616,BFS,BFS
2200,4812,37,104,5.621621621621622,0.15615615615615616,BFS,BFS
2200,4821,37,104,5.621621621621622,0.15615615615615616,BFS,BFS
2820,0970,37,104,5.621621621621622,0.15615615615615616,BS,BFS
2820,2000,37,104,5.621621621621622,0.15615615615615616,GBFS,BFS
2820,2200,37,104,5.621621621621622,0.15615615615615616,BS,BFS
2820,2825,37,104,5.621621621621622,0.15615615615615616,BS,BFS
2820,2827,37,104,5.621621621621622,0.15615615615615616,GBFS,BFS
2820,2846,37,104,5.621621621621622,0.15615615615615616,BFS,BFS
2820,3001,37,104,5.621621621621622,0.15615615615615616,IDDFS,BFS
2820,3002,37,104,5.621621621621622,0.15615615615615616,BFS,BFS
2820,3120,37,104,5.621621621621622,0.15615615615615616,BS,BFS
2820,3122,37,104,5.621621621621622,0.15615615615615616,GBFS,BFS
2820,3126,37,104,5.621621621621622,0.15615615615615616,BS,BFS
2820,3127,37,104,5.621621621621622,0.15615615615615616,BS,BFS
2820,3180,37,104,5.621621621621622,0.15615615615615616,BS,BFS
2820,3662,37,104,5.621621621621622,0.15615615615615616,BFS,BFS
2820,3682,37,104,5.621621621621622,0.15615615615615616,BS,BFS
2820,3685,37,104,5.621621621621622,0.15615615615615616,GBFS,BFS
2820,3804,37,104,5.621621621621622,0.15615615615615616,GBFS,BFS
2820,3812,37,104,5.621621621621622,0.15615615615615616,BS,BFS
2820,4030,37,104,5.621621621621622,0.15615615615615616,IDDFS,BFS
2820,4032,37,104,5.621621621621622,0.15615615615615616,GBFS,BFS
2820,4034,37,104,5.621621621621622,0.15615615615615616,BS,BFS
2820,4035,37,104,5.621621621621622,0.15615615615615616,DFS,BFS
2820,4040,37,104,5.621621621621622,0.15615615615615616,GBFS,BFS
2820,4043,37,104,5.621621621621622,0.15615615615615616,BS,BFS
2820,4051,37,104,5.621621621621622,0.15615615615615616,BS,BFS
2820,4057,37,104,5.621621621621622,0.15615615615615616,BS,BFS
2820,4063,37,104,5.621621621621622,0.15615615615615616,BS,BFS
2820,4262,37,104,5.621621621621622,0.15615615615615616,BS,BFS
2820,4263,37,104,5.621621621621622,0.15615615615615616,BS,BFS
2820,4264,37,104,5.621621621621622,0.15615615615615616,BS,BFS
2820,4266,37,104,5.621621621621622,0.15615615615615616,GBFS,BFS
2820,4270,37,104,5.621621621621622,0.15615615615615616,BS,BFS
2820,4272,37,104,5.621621621621622,0.15615615615615616,BS,BFS
2820,4273,37,104,5.621621621621622,0.15615615615615616,GBFS,BFS
2820,4321,37,104,5.621621621621622,0.15615615615615616,IDDFS,BFS
2820,4324,37,104,5.621621621621622,0.15615615615615616,BS,BFS
2820,4335,37,104,5.621621621621622,0.15615615615615616,IDDFS,BFS
2820,4812,37,104,5.621621621621622,0.15615615615615616,BS,BFS
2820,4821,37,104,5.621621621621622,0.15615615615615616,BS,BFS
2825,0970,37,104,5.621621621621622,0.15615615615615616,DFS,BFS
2825,2000,37,104,5.621621621621622,0.15615615615615616,GBFS,BFS
2825,2200,37,104,5.621621621621622,0.15615615615615616,BS,BFS
2825,2820,37,104,5.621621621621622,0.15615615615615616,BS,BFS
2825,2827,37,104,5.621621621621622,0.15615615615615616,GBFS,BFS
2825,2846,37,104,5.621621621621622,0.15615615615615616,BS,BFS
2825,3001,37,104,5.621621621621622,0.15615615615615616,BS,BFS
2825,3002,37,104,5.621621621621622,0.15615615615615616,BS,BFS
2825,3120,37,104,5.621621621621622,0.15615615615615616,BFS,BFS
2825,3122,37,104,5.621621621621622,0.15615615615615616,DFS,BFS
2825,3126,37,104,5.621621621621622,0.15615615615615616,GBFS,BFS
2825,3127,37,104,5.621621621621622,0.15615615615615616,IDDFS,BFS
2825,3180,37,104,5.621621621621622,0.15615615615615616,BS,BFS
2825,3662,37,104,5.621621621621622,0.15615615615615616,GBFS,BFS
2825,3682,37,104,5.621621621621622,0.15615615615615616,BS,BFS
2825,3685,37,104,5.621621621621622,0.15615615615615616,BS,BFS
2825,3804,37,104,5.621621621621622,0.15615615615615616,BS,BFS
2825,3812,37,104,5.621621621621622,0.15615615615615616,BS,BFS
2825,4030,37,104,5.621621621621622,0.15615615615615616,IDDFS,BFS
2825,4032,37,104,5.621621621621622,0.15615615615615616,IDDFS,BFS
2825,4034,37,104,5.621621621621622,0.15615615615615616,IDDFS,BFS
2825,4035,37,104,5.621621621621622,0.15615615615615616,IDDFS,BFS
2825,4040,37,104,5.621621621621622,0.15615615615615616,GBFS,BFS
2825,4043,37,104,5.621621621621622,0.15615615615615616,IDDFS,BFS
2825,4051,37,104,5.621621621621622,0.15615615615615616,BS,BFS
2825,4057,37,104,5.621621621621622,0.15615615615615616,BS,BFS
2825,4063,37,104,5.621621621621622,0.15615615615615616,ASTAR,BFS
2825,4262,37,104,5.621621621621622,0.15615615615615616,BS,BFS
2825,4263,37,104,5.621621621621622,0.15615615615615616,BS,BFS
2825,4264,37,104,5.621621621621622,0.15615615615615616,GBFS,BFS
2825,4266,37,104,5.621621621621622,0.15615615615615616,BS,BFS
2825,4270,37,104,5.621621621621622,0.15615615615615616,BS,BFS
2825,4272,37,104,5.621621621621622,0.15615615615615616,BS,BFS
2825,4273,37,104,5.621621621621622,0.15615615615615616,BS,BFS
2825,4321,37,104,5.621621621621622,0.15615615615615616,BS,BFS
2825,4324,37,104,5.621621621621622,0.15615615615615616,GBFS,BFS
2825,4335,37,104,5.621621621621622,0.15615615615615616,BS,BFS
2825,4812,37,104,5.621621621621622,0.15615615615615616,BS,BFS
2825,4821,37,104,5.621621621621622,0.15615615615615616,BS,BFS
2827,0970,37,104,5.621621621621622,0.15615615615615616,BS,BFS
2827,2000,37,104,5.621621621621622,0.15615615615615616,GBFS,BFS
2827,2200,37,104,5.621621621621622,0.15615615615615616,BS,BFS
2827,2820,37,104,5.621621621621622,0.15615615615615616,BS,BFS
2827,2825,37,104,5.621621621621622,0.15615615615615616,BS,BFS
2827,2846,37,104,5.621621621621622,0.15615615615615616,GBFS,BFS
2827,3001,37,104,5.621621621621622,0.15615615615615616,BS,BFS
2827,3002,37,104,5.621621621621622,0.15615615615615616,BS,BFS
2827,3120,37,104,5.621621621621622,0.15615615615615616,BS,BFS
2827,3122,37,104,5.621621621621622,0.15615615615615616,BS,BFS
2827,3126,37,104,5.621621621621622,0.15615615615615616,BS,BFS
2827,3127,37,104,5.621621621621622,0.15615615615615616,GBFS,BFS
2827,3180,37,104,5.621621621621622,0.15615615615615616,BFS,BFS
2827,3662,37,104,5.621621621621622,0.15615615615615616,GBFS,BFS
2827,3682,37,104,5.621621621621622,0.15615615615615616,GBFS,BFS
2827,3685,37,104,5.621621621621622,0.15615615615615616,BS,BFS
2827,3804,37,104,5.621621621621622,0.15615615615615616,GBFS,BFS
2827,3812,37,104,5.621621621621622,0.15615615615615616,BS,BFS
2827,4030,37,104,5.621621621621622,0.15615615615615616,BFS,BFS
2827,4032,37,104,5.621621621621622,0.15615615615615616,GBFS,BFS
2827,4034,37,104,5.621621621621622,0.15615615615615616,BS,BFS
2827,4035,37,104,5.621621621621622,0.15615615615615616,GBFS,BFS
2827,4040,37,104,5.621621621621622,0.15615615615615616,BS,BFS
2827,4043,37,104,5.621621621621622,0.15615615615615616,BS,BFS
2827,4051,37,104,5.621621621621622,0.15615615615615616,BFS,BFS
2827,4057,37,104,5.621621621621622,0.15615615615615616,GBFS,BFS
2827,4063,37,104,5.621621621621622,0.15615615615615616,BS,BFS
2827,4262,37,104,5.621621621621622,0.15615615615615616,GBFS,BFS
2827,4263,37,104,5.621621621621622,0.15615615615615616,GBFS,BFS
2827,4264,37,104,5.621621621621622,0.15615615615615616,GBFS,BFS
2827,4266,37,104,5.621621621621622,0.15615615615615616,BS,BFS
2827,4270,37,104,5.621621621621622,0.15615615615615616,BS,BFS
2827,4272,37,104,5.621621621621622,0.15615615615615616,BS,BFS
2827,4273,37,104,5.621621621621622,0.15615615615615616,GBFS,BFS
2827,4321,37,104,5.621621621621622,0.15615615615615616,BS,BFS
2827,4324,37,104,5.621621621621622,0.15615615615615616,GBFS,BFS
2827,4335,37,104,5.621621621621622,0.15615615615615616,GBFS,BFS
2827,4812,37,104,5.621621621621622,0.15615615615615616,BS,BFS
2827,4821,37,104,5.621621621621622,0.15615615615615616,BS,BFS
2846,0970,37,104,5.621621621621622,0.15615615615615616,BS,BFS
2846,2000,37,104,5.621621621621622,0.15615615615615616,BS,BFS
2846,2200,37,104,5.621621621621622,0.15615615615615616,BS,BFS
2846,2820,37,104,5.621621621621622,0.15615615615615616,GBFS,BFS
2846,2825,37,104,5.621621621621622,0.15615615615615616,BS,BFS
2846,2827,37,104,5.621621621621622,0.15615615615615616,GBFS,BFS
2846,3001,37,104,5.621621621621622,0.15615615615615616,DFS,BFS
2846,3002,37,104,5.621621621621622,0.15615615615615616,DFS,BFS
2846,3120,37,104,5.621621621621622,0.15615615615615616,BS,BFS
2846,3122,37,104,5.621621621621622,0.15615615615615616,BS,BFS
2846,3126,37,104,5.621621621621622,0.15615615615615616,BS,BFS
2846,3127,37,104,5.621621621621622,0.15615615615615616,BS,BFS
2846,3180,37,104,5.621621621621622,0.15615615615615616,GBFS,BFS
2846,3662,37,104,5.621621621621622,0.15615615615615616,DFS,BFS
2846,3682,37,104,5.621621621621622,0.15615615615615616,GBFS,BFS
2846,3685,37,104,5.621621621621622,0.15615615615615616,BS,BFS
2846,3804,37,104,5.621621621621622,0.15615615615615616,BS,BFS
2846,3812,37,104,5.621621621621622,0.15615615615615616,BS,BFS
2846,4030,37,104,5.621621621621622,0.15615615615615616,BFS,BFS
2846,4032,37,104,5.621621621621622,0.15615615615615616,GBFS,BFS
2846,4034,37,104,5.621621621621622,0.15615615615615616,GBFS,BFS
2846,4035,37,104,5.621621621621622,0.15615615615615616,GBFS,BFS
2846,4040,37,104,5.621621621621622,0.15615615615615616,GBFS,BFS
2846,4043,37,104,5.621621621621622,0.15615615615615616,BS,BFS
2846,4051,37,104,5.621621621621622,0.15615615615615616,GBFS,BFS
2846,4057,37,104,5.621621621621622,0.15615615615615616,GBFS,BFS
2846,4063,37,104,5.621621621621622,0.15615615615615616,BS,BFS
2846,4262,37,104,5.621621621621622,0.15615615615615616,BS,BFS
2846,4263,37,104,5.621621621621622,0.15615615615615616,BS,BFS
2846,4264,37,104,5.621621621621622,0.15615615615615616,GBFS,BFS
2846,4266,37,104,5.621621621621622,0.15615615615615616,GBFS,BFS
2846,4270,37,104,5.621621621621622,0.15615615615615616,BS,BFS
2846,4272,37,104,5.621621621621622,0.15615615615615616,BS,BFS
2846,4273,37,104,5.621621621621622,0.15615615615615616,BS,BFS
2846,4321,37,104,5.621621621621622,0.15615615615615616,IDDFS,BFS
2846,4324,37,104,5.621621621621622,0.15615615615615616,BS,BFS
2846,4335,37,104,5.621621621621622,0.15615615615615616,IDDFS,BFS
2846,4812,37,104,5.621621621621622,0.15615615615615616,BS,BFS
2846,4821,37,104,5.621621621621622,0.15615615615615616,BS,BFS
3001,0970,37,104,5.621621621621622,0.15615615615615616,GBFS,BFS
3001,2000,37,104,5.621621621621622,0.15615615615615616,GBFS,BFS
3001,2200,37,104,5.621621621621622,0.15615615615615616,BS,BFS
3001,2820,37,104,5.621621621621622,0.15615615615615616,DFS,BFS
3001,2825,37,104,5.621621621621622,0.15615615615615616,GBFS,BFS
3001,2827,37,104,5.621621621621622,0.15615615615615616,BS,BFS
3001,2846,37,104,5.621621621621622,0.15615615615615616,BFS,BFS
3001,3002,37,104,5.621621621621622,0.15615615615615616,GBFS,BFS
3001,3120,37,104,5.621621621621622,0.15615615615615616,BS,BFS
3001,3122,37,104,5.621621621621622,0.15615615615615616,BS,BFS
3001,3126,37,104,5.621621621621622,0.15615615615615616,BS,BFS
3001,3127,37,104,5.621621621621622,0.15615615615615616,GBFS,BFS
3001,3180,37,104,5.621621621621622,0.15615615615615616,GBFS,BFS
3001,3662,37,104,5.621621621621622,0.15615615615615616,ASTAR,BFS
3001,3682,37,104,5.621621621621622,0.15615615615615616,BS,BFS
3001,3685,37,104,5.621621621621622,0.15615615615615616,BS,BFS
3001,3804,37,104,5.621621621621622,0.15615615615615616,GBFS,BFS
3001,3812,37,104,5.621621621621622,0.15615615615615616,BS,BFS
3001,4030,37,104,5.621621621621622,0.15615615615615616,IDDFS,BFS
3001,4032,37,104,5.621621621621622,0.15615615615615616,GBFS,BFS
3001,4034,37,104,5.621621621621622,0.15615615615615616,BS,BFS
3001,4035,37,104,5.621621621621622,0.15615615615615616,GBFS,BFS
3001,4040,37,104,5.621621621621622,0.15615615615615616,GBFS,BFS
3001,4043,37,104,5.621621621621622,0.15615615615615616,GBFS,BFS
3001,4051,37,104,5.621621621621622,0.15615615615615616,GBFS,BFS
3001,4057,37,104,5.621621621621622,0.15615615615615616,GBFS,BFS
3001,4063,37,104,5.621621621621622,0.15615615615615616,BS,BFS
3001,4262,37,104,5.621621621621622,0.15615615615615616,BS,BFS
3001,4263,37,104,5.621621621621622,0.15615615615615616,BS,BFS
3001,4264,37,104,5.621621621621622,0.15615615615615616,GBFS,BFS
3001,4266,37,104,5.621621621621622,0.15615615615615616,BS,BFS
3001,4270,37,104,5.621621621621622,0.15615615615615616,GBFS,BFS
3001,4272,37,104,5.621621621621622,0.15615615615615616,GBFS,BFS
3001,4273,37,104,5.621621621621622,0.15615615615615616,GBFS,BFS
3001,4321,37,104,5.621621621621622,0.15615615615615616,IDDFS,BFS
3001,4324,37,104,5.621621621621622,0.15615615615615616,BS,BFS
3001,4335,37,104,5.621621621621622,0.15615615615615616,IDDFS,BFS
3001,4812,37,104,5.621621621621622,0.15615615615615616,BS,BFS
3001,4821,37,104,5.621621621621622,0.15615615615615616,BS,BFS
3002,0970,37,104,5.621621621621622,0.15615615615615616,BS,BFS
3002,2000,37,104,5.621621621621622,0.15615615615615616,BS,BFS
3002,2200,37,104,5.621621621621622,0.15615615615615616,BS,BFS
3002,2820,37,104,5.621621621621622,0.15615615615615616,DFS,BFS
3002,2825,37,104,5.621621621621622,0.15615615615615616,BS,BFS
3002,2827,37,104,5.621621621621622,0.15615615615615616,GBFS,BFS
3002,2846,37,104,5.621621621621622,0.15615615615615616,DFS,BFS
3002,3001,37,104,5.621621621621622,0.15615615615615616,BFS,BFS
3002,3120,37,104,5.621621621621622,0.15615615615615616,BS,BFS
3002,3122,37,104,5.621621621621622,0.15615615615615616,BS,BFS
3002,3126,37,104,5.621621621621622,0.15615615615615616,GBFS,BFS
3002,3127,37,104,5.621621621621622,0.15615615615615616,BS,BFS
3002,3180,37,104,5.621621621621622,0.15615615615615616,BS,BFS
3002,3662,37,104,5.621621621621622,0.15615615615615616,BFS,BFS
3002,3682,37,104,5.621621621621622,0.15615615615615616,GBFS,BFS
3002,3685,37,104,5.621621621621622,0.15615615615615616,BS,BFS
3002,3804,37,104,5.621621621621622,0.15615615615615616,BS,BFS
3002,3812,37,104,5.621621621621622,0.15615615615615616,GBFS,BFS
3002,4030,37,104,5.621621621621622,0.15615615615615616,IDDFS,BFS
3002,4032,37,104,5.621621621621622,0.15615615615615616,BS,BFS
3002,4034,37,104,5.621621621621622,0.15615615615615616,BS,BFS
3002,4035,37,104,5.621621621621622,0.15615615615615616,IDDFS,BFS
3002,4040,37,104,5.621621621621622,0.15615615615615616,GBFS,BFS
3002,4043,37,104,5.621621621621622,0.15615615615615616,BS,BFS
3002,4051,37,104,5.621621621621622,0.15615615615615616,GBFS,BFS
3002,4057,37,104,5.621621621621622,0.15615615615615616,GBFS,BFS
3002,4063,37,104,5.621621621621622,0.15615615615615616,GBFS,BFS
3002,4262,37,104,5.621621621621622,0.15615615615615616,BS,BFS
3002,4263,37,104,5.621621621621622,0.15615615615615616,IDDFS,BFS
3002,4264,37,104,5.621621621621622,0.15615615615615616,BS,BFS
3002,4266,37,104,5.621621621621622,0.15615615615615616,BS,BFS
3002,4270,37,104,5.621621621621622,0.15615615615615616,BS,BFS
3002,4272,37,104,5.621621621621622,0.15615615615615616,BS,BFS
3002,4273,37,104,5.621621621621622,0.15615615615615616,GBFS,BFS
3002,4321,37,104,5.621621621621622,0.15615615615615616,GBFS,BFS
3002,4324,37,104,5.621621621621622,0.15615615615615616,BS,BFS
3002,4335,37,104,5.621621621621622,0.15615615615615616,IDDFS,BFS
3002,4812,37,104,5.621621621621622,0.15615615615615616,BS,BFS
3002,4821,37,104,5.621621621621622,0.15615615615615616,BS,BFS
3120,0970,37,104,5.621621621621622,0.15615615615615616,BS,BFS
3120,2000,37,104,5.621621621621622,0.15615615615615616,GBFS,BFS
3120,2200,37,104,5.621621621621622,0.15615615615615616,BS,BFS
3120,2820,37,104,5.621621621621622,0.15615615615615616,GBFS,BFS
3120,2825,37,104,5.621621621621622,0.15615615615615616,DFS,BFS
3120,2827,37,104,5.621621621621622,0.15615615615615616,GBFS,BFS
3120,2846,37,104,5.621621621621622,0.15615615615615616,BS,BFS
3120,3001,37,104,5.621621621621622,0.15615615615615616,GBFS,BFS
3120,3002,37,104,5.621621621621622,0.15615615615615616,BS,BFS
3120,3122,37,104,5.621621621621622,0.15615615615615616,IDDFS,BFS
3120,3126,37,104,5.621621621621622,0.15615615615615616,IDDFS,BFS
3120,3127,37,104,5.621621621621622,0.15615615615615616,IDDFS,BFS
3120,3180,37,104,5.621621621621622,0.15615615615615616,GBFS,BFS
3120,3662,37,104,5.621621621621622,0.15615615615615616,BS,BFS
3120,3682,37,104,5.621621621621622,0.15615615615615616,BS,BFS
3120,3685,37,104,5.621621621621622,0.15615615615615616,GBFS,BFS
3120,3804,37,104,5.621621621621622,0.15615615615615616,BS,BFS
3120,3812,37,104,5.621621621621622,0.15615615615615616,GBFS,BFS
3120,4030,37,104,5.621621621621622,0.15615615615615616,IDDFS,BFS
3120,4032,37,104,5.621621621621622,0.15615615615615616,IDDFS,BFS
3120,4034,37,104,5.621621621621622,0.15615615615615616,IDDFS,BFS
3120,4035,37,104,5.621621621621622,0.15615615615615616,IDDFS,BFS
3120,4040,37,104,5.621621621621622,0.15615615615615616,IDDFS,BFS
3120,4043,37,104,5.621621621621622,0.15615615615615616,GBFS,BFS
3120,4051,37,104,5.621621621621622,0.15615615615615616,GBFS,BFS
3120,4057,37,104,5.621621621621622,0.15615615615615616,BS,BFS
3120,4063,37,104,5.621621621621622,0.15615615615615616,BS,BFS
3120,4262,37,104,5.621621621621622,0.15615615615615616,BS,BFS
3120,4263,37,104,5.621621621621622,0.15615615615615616,BS,BFS
3120,4264,37,104,5.621621621621622,0.15615615615615616,GBFS,BFS
3120,4266,37,104,5.621621621621622,0.15615615615615616,GBFS,BFS
3120,4270,37,104,5.621621621621622,0.15615615615615616,GBFS,BFS
3120,4272,37,104,5.621621621621622,0.15615615615615616,GBFS,BFS
3120,4273,37,104,5.621621621621622,0.15615615615615616,BS,BFS
3120,4321,37,104,5.621621621621622,0.15615615615615616,GBFS,BFS
3120,4324,37,104,5.621621621621622,0.15615615615615616,BS,BFS
3120,4335,37,104,5.621621621621622,0.15615615615615616,GBFS,BFS
3120,4812,37,104,5.621621621621622,0.15615615615615616,BS,BFS
3120,4821,37,104,5.621621621621622,0.15615615615615616,BS,BFS
3122,0970,37,104,5.621621621621622,0.15615615615615616,BS,BFS
3122,2000,37,104,5.621621621621622,0.15615615615615616,GBFS,BFS
3122,2200,37,104,5.621621621621622,0.15615615615615616,BS,BFS
3122,2820,37,104,5.621621621621622,0.15615615615615616,GBFS,BFS
3122,2825,37,104,5.621621621621622,0.15615615615615616,DFS,BFS
3122,2827,37,104,5.621621621621622,0.15615615615615616,GBFS,BFS
3122,2846,37,104,5.621621621621622,0.15615615615615616,BS,BFS
3122,3001,37,104,5.621621621621622,0.15615615615615616,BS,BFS
3122,3002,37,104,5.621621621621622,0.15615615615615616,GBFS,BFS
3122,3120,37,104,5.621621621621622,0.15615615615615616,BFS,BFS
3122,3126,37,104,5.621621621621622,0.15615615615615616,IDDFS,BFS
3122,3127,37,104,5.621621621621622,0.15615615615615616,IDDFS,BFS
3122,3180,37,104,5.621621621621622,0.15615615615615616,GBFS,BFS
3122,3662,37,104,5.621621621621622,0.15615615615615616,DFS,BFS
3122,3682,37,104,5.621621621621622,0.15615615615615616,GBFS,BFS
3122,3685,37,104,5.621621621621622,0.15615615615615616,GBFS,BFS
3122,3804,37,104,5.621621621621622,0.15615615615615616,BS,BFS
3122,3812,37,104,5.621621621621622,0.15615615615615616,BS,BFS
3122,4030,37,104,5.621621621621622,0.15615615615615616,GBFS,BFS
3122,4032,37,104,5.621621621621622,0.15615615615615616,IDDFS,BFS
3122,4034,37,104,5.621621621621622,0.15615615615615616,IDDFS,BFS
3122,4035,37,104,5.621621621621622,0.15615615615615616,IDDFS,BFS
3122,4040,37,104,5.621621621621622,0.15615615615615616,IDDFS,BFS
3122,4043,37,104,5.621621621621622,0.15615615615615616,GBFS,BFS
3122,4051,37,104,5.621621621621622,0.15615615615615616,BS,BFS
3122,4057,37,104,5.621621621621622,0.15615615615615616,GBFS,BFS
3122,4063,37,104,5.621621621621622,0.15615615615615616,GBFS,BFS
3122,4262,37,104,5.621621621621622,0.15615615615615616,GBFS,BFS
3122,4263,37,104,5.621621621621622,0.15615615615615616,BS,BFS
3122,4264,37,104,5.621621621621622,0.15615615615615616,GBFS,BFS
3122,4266,37,104,5.621621621621622,0.15615615615615616,GBFS,BFS
3122,4270,37,104,5.621621621621622,0.15615615615615616,GBFS,BFS
3122,4272,37,104,5.621621621621622,0.15615615615615616,GBFS,BFS
3122,4273,37,104,5.621621621621622,0.15615615615615616,BS,BFS
3122,4321,37,104,5.621621621621622,0.15615615615615616,BS,BFS
3122,4324,37,104,5.621621621621622,0.15615615615615616,BS,BFS
3122,4335,37,104,5.621621621621622,0.15615615615615616,BS,BFS
3122,4812,37,104,5.621621621621622,0.15615615615615616,BS,BFS
3122,4821,37,104,5.621621621621622,0.15615615615615616,BS,BFS
3126,0970,37,104,5.621621621621622,0.15615615615615616,DFS,BFS
3126,2000,37,104,5.621621621621622,0.15615615615615616,BFS,BFS
3126,2200,37,104,5.621621621621622,0.15615615615615616,BS,BFS
3126,2820,37,104,5.621621621621622,0.15615615615615616,GBFS,BFS
3126,2825,37,104,5.621621621621622,0.15615615615615616,GBFS,BFS
3126,2827,37,104,5.621621621621622,0.15615615615615616,BS,BFS
3126,2846,37,104,5.621621621621622,0.15615615615615616,BS,BFS
3126,3001,37,104,5.621621621621622,0.15615615615615616,BS,BFS
3126,3002,37,104,5.621621621621622,0.15615615615615616,GBFS,BFS
3126,3120,37,104,5.621621621621622,0.15615615615615616,BFS,BFS
3126,3122,37,104,5.621621621621622,0.15615615615615616,IDDFS,BFS
3126,3127,37,104,5.621621621621622,0.15615615615615616,IDDFS,BFS
3126,3180,37,104,5.621621621621622,0.15615615615615616,GBFS,BFS
3126,3662,37,104,5.621621621621622,0.15615615615615616,BS,BFS
3126,3682,37,104,5.621621621621622,0.15615615615615616,IDDFS,BFS
3126,3685,37,104,5.621621621621622,0.15615615615615616,IDDFS,BFS
3126,3804,37,104,5.621621621621622,0.15615615615615616,BS,BFS
3126,3812,37,104,5.621621621621622,0.15615615615615616,GBFS,BFS
3126,4030,37,104,5.621621621621622,0.15615615615615616,GBFS,BFS
3126,4032,37,104,5.621621621621622,0.15615615615615616,GBFS,BFS
3126,4034,37,104,5.621621621621622,0.15615615615615616,BS,BFS
3126,4035,37,104,5.621621621621622,0.15615615615615616,GBFS,BFS
3126,4040,37,104,5.621621621621622,0.15615615615615616,GBFS,BFS
3126,4043,37,104,5.621621621621622,0.15615615615615616,GBFS,BFS
3126,4051,37,104,5.621621621621622,0.15615615615615616,BS,BFS
3126,4057,37,104,5.621621621621622,0.15615615615615616,GBFS,BFS
3126,4063,37,104,5.621621621621622,0.15615615615615616,BS,BFS
3126,4262,37,104,5.621621621621622,0.15615615615615616,BS,BFS
3126,4263,37,104,5.621621621621622,0.15615615615615616,GBFS,BFS
3126,4264,37,104,5.621621621621622,0.15615615615615616,BS,BFS
3126,4266,37,104,5.621621621621622,0.15615615615615616,BS,BFS
3126,4270,37,104,5.621621621621622,0.15615615615615616,BS,BFS
3126,4272,37,104,5.621621621621622,0.15615615615615616,GBFS,BFS
3126,4273,37,104,5.621621621621622,0.15615615615615616,GBFS,BFS
3126,4321,37,104,5.621621621621622,0.15615615615615616,BS,BFS
3126,4324,37,104,5.621621621621622,0.15615615615615616,BS,BFS
3126,4335,37,104,5.621621621621622,0.15615615615615616,GBFS,BFS
3126,4812,37,104,5.621621621621622,0.15615615615615616,BS,BFS
3126,4821,37,104,5.621621621621622,0.15615615615615616,BS,BFS
3127,0970,37,104,5.621621621621622,0.15615615615615616,GBFS,BFS
3127,2000,37,104,5.621621621621622,0.15615615615615616,BS,BFS
3127,2200,37,104,5.621621621621622,0.15615615615615616,BS,BFS
3127,2820,37,104,5.621621621621622,0.15615615615615616,GBFS,BFS
3127,2825,37,104,5.621621621621622,0.15615615615615616,BS,BFS
3127,2827,37,104,5.621621621621622,0.15615615615615616,GBFS,BFS
3127,2846,37,104,5.621621621621622,0.15615615615615616,DFS,BFS
3127,3001,37,104,5.621621621621622,0.15615615615615616,GBFS,BFS
3127,3002,37,104,5.621621621621622,0.15615615615615616,BS,BFS
3127,3120,37,104,5.621621621621622,0.15615615615615616,BFS,BFS
3127,3122,37,104,5.621621621621622,0.15615615615615616,IDDFS,BFS
3127,3126,37,104,5.621621621621622,0.15615615615615616,IDDFS,BFS
3127,3180,37,104,5.621621621621622,0.15615615615615616,GBFS,BFS
3127,3662,37,104,5.621621621621622,0.15615615615615616,GBFS,BFS
3127,3682,37,104,5.621621621621622,0.15615615615615616,GBFS,BFS
3127,3685,37,104,5.621621621621622,0.15615615615615616,GBFS,BFS
3127,3804,37,104,5.621621621621622,0.15615615615615616,BS,BFS
3127,3812,37,104,5.621621621621622,0.15615615615615616,GBFS,BFS
3127,4030,37,104,5.621621621621622,0.15615615615615616,IDDFS,BFS
3127,4032,37,104,5.621621621621622,0.15615615615615616,GBFS,BFS
3127,4034,37,104,5.621621621621622,0.15615615615615616,GBFS,BFS
3127,4035,37,104,5.621621621621622,0.15615615615615616,BS,BFS
3127,4040,37,104,5.621621621621622,0.15615615615615616,BS,BFS
3127,4043,37,104,5.621621621621622,0.15615615615615616,BS,BFS
3127,4051,37,104,5.621621621621622,0.15615615615615616,BS,BFS
3127,4057,37,104,5.621621621621622,0.15615615615615616,IDDFS,BFS
3127,4063,37,104,5.621621621621622,0.15615615615615616,GBFS,BFS
3127,4262,37,104,5.621621621621622,0.15615615615615616,BS,BFS
3127,4263,37,104,5.621621621621622,0.15615615615615616,BS,BFS
3127,4264,37,104,5.621621621621622,0.15615615615615616,BS,BFS
3127,4266,37,104,5.621621621621622,0.15615615615615616,GBFS,BFS
3127,4270,37,104,5.621621621621622,0.15615615615615616,BS,BFS
3127,4272,37,104,5.621621621621622,0.15615615615615616,GBFS,BFS
3127,4273,37,104,5.621621621621622,0.15615615615615616,BS,BFS
3127,4321,37,104,5.621621621621622,0.15615615615615616,GBFS,BFS
3127,4324,37,104,5.621621621621622,0.15615615615615616,GBFS,BFS
3127,4335,37,104,5.621621621621622,0.15615615615615616,GBFS,BFS
3127,4812,37,104,5.621621621621622,0.15615615615615616,BS,BFS
3127,4821,37,104,5.621621621621622,0.15615615615615616,BS,BFS
3180,0970,37,104,5.621621621621622,0.15615615615615616,GBFS,BFS
3180,2000,37,104,5.621621621621622,0.15615615615615616,BS,BFS
3180,2200,37,104,5.621621621621622,0.15615615615615616,BS,BFS
3180,2820,37,104,5.621621621621622,0.15615615615615616,GBFS,BFS
3180,2825,37,104,5.621621621621622,0.15615615615615616,DFS,BFS
3180,2827,37,104,5.621621621621622,0.15615615615615616,GBFS,BFS
3180,2846,37,104,5.621621621621622,0.15615615615615616,BS,BFS
3180,3001,37,104,5.621621621621622,0.15615615615615616,GBFS,BFS
3180,3002,37,104,5.621621621621622,0.15615615615615616,BS,BFS
3180,3120,37,104,5.621621621621622,0.15615615615615616,DFS,BFS
3180,3122,37,104,5.621621621621622,0.15615615615615616,GBFS,BFS
3180,3126,37,104,5.621621621621622,0.15615615615615616,GBFS,BFS
3180,3127,37,104,5.621621621621622,0.15615615615615616,DFS,BFS
3180,3662,37,104,5.621621621621622,0.15615615615615616,BS,BFS
3180,3682,37,104,5.621621621621622,0.15615615615615616,BS,BFS
3180,3685,37,104,5.621621621621622,0.15615615615615616,GBFS,BFS
3180,3804,37,104,5.621621621621622,0.15615615615615616,BS,BFS
3180,3812,37,104,5.621621621621622,0.15615615615615616,BS,BFS
3180,4030,37,104,5.621621621621622,0.15615615615615616,IDDFS,BFS
3180,4032,37,104,5.621621621621622,0.15615615615615616,GBFS,BFS
3180,4034,37,104,5.621621621621622,0.15615615615615616,BS,BFS
3180,4035,37,104,5.621621621621622,0.15615615615615616,GBFS,BFS
3180,4040,37,104,5.621621621621622,0.15615615615615616,BS,BFS
3180,4043,37,104,5.621621621621622,0.15615615615615616,BS,BFS
3180,4051,37,104,5.621621621621622,0.15615615615615616,IDDFS,BFS
3180,4057,37,104,5.621621621621622,0.15615615615615616,IDDFS,BFS
3180,4063,37,104,5.621621621621622,0.15615615615615616,GBFS,BFS
3180,4262,37,104,5.621621621621622,0.15615615615615616,BS,BFS
3180,4263,37,104,5.621621621621622,0.15615615615615616,BS,BFS
3180,4264,37,104,5.621621621621622,0.15615615615615616,BS,BFS
3180,4266,37,104,5.621621621621622,0.15615615615615616,GBFS,BFS
3180,4270,37,104,5.621621621621622,0.15615615615615616,GBFS,BFS
3180,4272,37,104,5.621621621621622,0.15615615615615616,GBFS,BFS
3180,4273,37,104,5.621621621621622,0.15615615615615616,GBFS,BFS
3180,4321,37,104,5.621621621621622,0.15615615615615616,BS,BFS
3180,4324,37,104,5.621621621621622,0.15615615615615616,BS,BFS
3180,4335,37,104,5.621621621621622,0.15615615615615616,GBFS,BFS
3180,4812,37,104,5.621621621621622,0.15615615615615616,BS,BFS
3180,4821,37,104,5.621621621621622,0.15615615615615616,BS,BFS
3662,0970,37,104,5.621621621621622,0.15615615615615616,GBFS,BFS
3662,2000,37,104,5.621621621621622,0.15615615615615616,GBFS,BFS
3662,2200,37,104,5.621621621621622,0.15615615615615616,BS,BFS
3662,2820,37,104,5.621621621621622,0.15615615615615616,DFS,BFS
3662,2825,37,104,5.621621621621622,0.15615615615615616,BS,BFS
3662,2827,37,104,5.621621621621622,0.15615615615615616,BS,BFS
3662,2846,37,104,5.621621621621622,0.15615615615615616,BFS,BFS
3662,3001,37,104,5.621621621621622,0.15615615615615616,BFS,BFS
3662,3002,37,104,5.621621621621622,0.15615615615615616,IDDFS,BFS
3662,3120,37,104,5.621621621621622,0.15615615615615616,GBFS,BFS
3662,3122,37,104,5.621621621621622,0.15615615615615616,BS,BFS
3662,3126,37,104,5.621621621621622,0.15615615615615616,GBFS,BFS
3662,3127,37,104,5.621621621621622,0.15615615615615616,BS,BFS
3662,3180,37,104,5.621621621621622,0.15615615615615616,GBFS,BFS
3662,3682,37,104,5.621621621621622,0.15615615615615616,BS,BFS
3662,3685,37,104,5.621621621621622,0.15615615615615616,GBFS,BFS
3662,3804,37,104,5.621621621621622,0.15615615615615616,GBFS,BFS
3662,3812,37,104,5.621621621621622,0.15615615615615616,BS,BFS
3662,4030,37,104,5.621621621621622,0.15615615615615616,IDDFS,BFS
3662,4032,37,104,5.621621621621622,0.15615615615615616,BS,BFS
3662,4034,37,104,5.621621621621622,0.15615615615615616,BS,BFS
3662,4035,37,104,5.621621621621622,0.15615615615615616,GBFS,BFS
3662,4040,37,104,5.621621621621622,0.15615615615615616,BS,BFS
3662,4043,37,104,5.621621621621622,0.15615615615615616,BS,BFS
3662,4051,37,104,5.621621621621622,0.15615615615615616,BS,BFS
3662,4057,37,104,5.621621621621622,0.15615615615615616,BS,BFS
3662,4063,37,104,5.621621621621622,0.15615615615615616,GBFS,BFS
3662,4262,37,104,5.621621621621622,0.15615615615615616,GBFS,BFS
3662,4263,37,104,5.621621621621622,0.15615615615615616,GBFS,BFS
3662,4264,37,104,5.621621621621622,0.15615615615615616,GBFS,BFS
3662,4266,37,104,5.621621621621622,0.15615615615615616,BS,BFS
3662,4270,37,104,5.621621621621622,0.15615615615615616,GBFS,BFS
3662,4272,37,104,5.621621621621622,0.15615615615615616,GBFS,BFS
3662,4273,37,104,5.621621621621622,0.15615615615615616,BS,BFS
3662,4321,37,104,5.621621621621622,0.15615615615615616,IDDFS,BFS
3662,4324,37,104,5.621621621621622,0.15615615615615616,BS,BFS
3662,4335,37,104,5.621621621621622,0.15615615615615616,IDDFS,BFS
3662,4812,37,104,5.621621621621622,0.15615615615615616,BS,BFS
3662,4821,37,104,5.621621621621622,0.15615615615615616,BS,BFS
3682,0970,37,104,5.621621621621622,0.15615615615615616,DFS,BFS
3682,2000,37,104,5.621621621621622,0.15615615615615616,DFS,BFS
3682,2200,37,104,5.621621621621622,0.15615615615615616,BS,BFS
3682,2820,37,104,5.621621621621622,0.15615615615615616,BS,BFS
3682,2825,37,104,5.621621621621622,0.15615615615615616,GBFS,BFS
3682,2827,37,104,5.621621621621622,0.15615615615615616,GBFS,BFS
3682,2846,37,104,5.621621621621622,0.15615615615615616,DFS,BFS
3682,3001,37,104,5.621621621621622,0.15615615615615616,GBFS,BFS
3682,3002,37,104,5.621621621621622,0.15615615615615616,BS,BFS
3682,3120,37,104,5.621621621621622,0.15615615615615616,BS,BFS
3682,3122,37,104,5.621621621621622,0.15615615615615616,GBFS,BFS
3682,3126,37,104,5.621621621621622,0.15615615615615616,IDDFS,BFS
3682,3127,37,104,5.621621621621622,0.15615615615615616,ASTAR,BFS
3682,3180,37,104,5.621621621621622,0.15615615615615616,GBFS,BFS
3682,3662,37,104,5.621621621621622,0.15615615615615616,GBFS,BFS
3682,3685,37,104,5.621621621621622,0.15615615615615616,IDDFS,BFS
3682,3804,37,104,5.621621621621622,0.15615615615615616,GBFS,BFS
3682,3812,37,104,5.621621621621622,0.15615615615615616,GBFS,BFS
3682,4030,37,104,5.621621621621622,0.15615615615615616,GBFS,BFS
3682,4032,37,104,5.621621621621622,0.15615615615615616,BS,BFS
3682,4034,37,104,5.621621621621622,0.15615615615615616,GBFS,BFS
3682,4035,37,104,5.621621621621622,0.15615615615615616,BS,BFS
3682,4040,37,104,5.621621621621622,0.15615615615615616,IDDFS,BFS
3682,4043,37,104,5.621621621621622,0.15615615615615616,GBFS,BFS
3682,4051,37,104,5.621621621621622,0.15615615615615616,GBFS,BFS
3682,4057,37,104,5.621621621621622,0.15615615615615616,GBFS,BFS
3682,4063,37,104,5.621621621621622,0.15615615615615616,GBFS,BFS
3682,4262,37,104,5.621621621621622,0.15615615615615616,BS,BFS
3682,4263,37,104,5.621621621621622,0.15615615615615616,BS,BFS
3682,4264,37,104,5.621621621621622,0.15615615615615616,GBFS,BFS
3682,4266,37,104,5.621621621621622,0.15615615615615616,BS,BFS
3682,4270,37,104,5.621621621621622,0.15615615615615616,GBFS,BFS
3682,4272,37,104,5.621621621621622,0.15615615615615616,IDDFS,BFS
3682,4273,37,104,5.621621621621622,0.15615615615615616,BS,BFS
3682,4321,37,104,5.621621621621622,0.15615615615615616,BS,BFS
3682,4324,37,104,5.621621621621622,0.15615615615615616,GBFS,BFS
3682,4335,37,104,5.621621621621622,0.15615615615615616,GBFS,BFS
3682,4812,37,104,5.621621621621622,0.15615615615615616,BS,BFS
3682,4821,37,104,5.621621621621622,0.15615615615615616,BS,BFS
3685,0970,37,104,5.621621621621622,0.15615615615615616,BFS,BFS
3685,2000,37,104,5.621621621621622,0.15615615615615616,GBFS,BFS
3685,2200,37,104,5.621621621621622,0.15615615615615616,BS,BFS
3685,2820,37,104,5.621621621621622,0.15615615615615616,BS,BFS
3685,2825,37,104,5.621621621621622,0.15615615615615616,DFS,BFS
3685,2827,37,104,5.621621621621622,0.15615615615615616,GBFS,BFS
3685,2846,37,104,5.621621621621622,0.15615615615615616,BS,BFS
3685,3001,37,104,5.621621621621622,0.15615615615615616,BS,BFS
3685,3002,37,104,5.621621621621622,0.15615615615615616,BS,BFS
3685,3120,37,104,5.621621621621622,0.15615615615615616,GBFS,BFS
3685,3122,37,104,5.621621621621622,0.15615615615615616,GBFS,BFS
3685,3126,37,104,5.621621621621622,0.15615615615615616,DFS,BFS
3685,3127,37,104,5.621621621621622,0.15615615615615616,ASTAR,BFS
3685,3180,37,104,5.621621621621622,0.15615615615615616,GBFS,BFS
3685,3662,37,104,5.621621621621622,0.15615615615615616,GBFS,BFS
3685,3682,37,104,5.621621621621622,0.15615615615615616,GBFS,BFS
3685,3804,37,104,5.621621621621622,0.15615615615615616,GBFS,BFS
3685,3812,37,104,5.621621621621622,0.15615615615615616,GBFS,BFS
3685,4030,37,104,5.621621621621622,0.15615615615615616,GBFS,BFS
3685,4032,37,104,5.621621621621622,0.15615615615615616,BS,BFS
3685,4034,37,104,5.621621621621622,0.15615615615615616,BS,BFS
3685,4035,37,104,5.621621621621622,0.15615615615615616,BS,BFS
3685,4040,37,104,5.621621621621622,0.15615615615615616,GBFS,BFS
3685,4043,37,104,5.621621621621622,0.15615615615615616,GBFS,BFS
3685,4051,37,104,5.621621621621622,0.15615615615615616,BS,BFS
3685,4057,37,104,5.621621621621622,0.15615615615615616,GBFS,BFS
3685,4063,37,104,5.621621621621622,0.15615615615615616,GBFS,BFS
3685,4262,37,104,5.621621621621622,0.15615615615615616,GBFS,BFS
3685,4263,37,104,5.621621621621622,0.15615615615615616,GBFS,BFS
3685,4264,37,104,5.621621621621622,0.15615615615615616,GBFS,BFS
3685,4266,37,104,5.621621621621622,0.15615615615615616,BS,BFS
3685,4270,37,104,5.621621621621622,0.15615615615615616,BS,BFS
3685,4272,37,104,5.621621621621622,0.15615615615615616,BS,BFS
3685,4273,37,104,5.621621621621622,0.15615615615615616,GBFS,BFS
3685,4321,37,104,5.621621621621622,0.15615615615615616,BS,BFS
3685,4324,37,104,5.621621621621622,0.15615615615615616,GBFS,BFS
3685,4335,37,104,5.621621621621622,0.15615615615615616,GBFS,BFS
3685,4812,37,104,5.621621621621622,0.15615615615615616,BS,BFS
3685,4821,37,104,5.621621621621622,0.15615615615615616,BS,BFS
3804,0970,37,104,5.621621621621622,0.15615615615615616,DFS,BFS
3804,2000,37,104,5.621621621621622,0.15615615615615616,DFS,BFS
3804,2200,37,104,5.621621621621622,0.15615615615615616,BS,BFS
3804,2820,37,104,5.621621621621622,0.15615615615615616,BS,BFS
3804,2825,37,104,5.621621621621622,0.15615615615615616,GBFS,BFS
3804,2827,37,104,5.621621621621622,0.15615615615615616,GBFS,BFS
3804,2846,37,104,5.621621621621622,0.15615615615615616,BS,BFS
3804,3001,37,104,5.621621621621622,0.15615615615615616,GBFS,BFS
3804,3002,37,104,5.621621621621622,0.15615615615615616,BS,BFS
3804,3120,37,104,5.621621621621622,0.15615615615615616,GBFS,BFS
3804,3122,37,104,5.621621621621622,0.15615615615615616,BS,BFS
3804,3126,37,104,5.621621621621622,0.15615615615615616,GBFS,BFS
3804,3127,37,104,5.621621621621622,0.15615615615615616,BS,BFS
3804,3180,37,104,5.621621621621622,0.15615615615615616,GBFS,BFS
3804,3662,37,104,5.621621621621622,0.15615615615615616,GBFS,BFS
3804,3682,37,104,5.621621621621622,0.15615615615615616,BFS,BFS
3804,3685,37,104,5.621621621621622,0.15615615615615616,IDDFS,BFS
3804,3812,37,104,5.621621621621622,0.15615615615615616,IDDFS,BFS
3804,4030,37,104,5.621621621621622,0.15615615615615616,GBFS,BFS
3804,4032,37,104,5.621621621621622,0.15615615615615616,GBFS,BFS
3804,4034,37,104,5.621621621621622,0.15615615615615616,GBFS,BFS
3804,4035,37,104,5.621621621621622,0.15615615615615616,BS,BFS
3804,4040,37,104,5.621621621621622,0.15615615615615616,GBFS,BFS
3804,4043,37,104,5.621621621621622,0.15615615615615616,BS,BFS
3804,4051,37,104,5.621621621621622,0.15615615615615616,BS,BFS
3804,4057,37,104,5.621621621621622,0.15615615615615616,BS,BFS
3804,4063,37,104,5.621621621621622,0.15615615615615616,BS,BFS
3804,4262,37,104,5.621621621621622,0.15615615615615616,BS,BFS
3804,4263,37,104,5.621621621621622,0.15615615615615616,GBFS,BFS
3804,4264,37,104,5.621621621621622,0.15615615615615616,GBFS,BFS
3804,4266,37,104,5.621621621621622,0.15615615615615616,GBFS,BFS
3804,4270,37,104,5.621621621621622,0.15615615615615616,GBFS,BFS
3804,4272,37,104,5.621621621621622,0.15615615615615616,GBFS,BFS
3804,4273,37,104,5.621621621621622,0.15615615615615616,BS,BFS
3804,4321,37,104,5.621621621621622,0.15615615615615616,BS,BFS
3804,4324,37,104,5.621621621621622,0.15615615615615616,GBFS,BFS
3804,4335,37,104,5.621621621621622,0.15615615615615616,BS,BFS
3804,4812,37,104,5.621621621621622,0.15615615615615616,BS,BFS
3804,4821,37,104,5.621621621621622,0.15615615615615616,BS,BFS
3812,0970,37,104,5.621621621621622,0.15615615615615616,GBFS,BFS
3812,2000,37,104,5.621621621621622,0.15615615615615616,BS,BFS
3812,2200,37,104,5.621621621621622,0.15615615615615616,BS,BFS
3812,2820,37,104,5.621621621621622,0.15615615615615616,GBFS,BFS
3812,2825,37,104,5.621621621621622,0.15615615615615616,BS,BFS
3812,2827,37,104,5.621621621621622,0.15615615615615616,BS,BFS
3812,2846,37,104,5.621621621621622,0.15615615615615616,BS,BFS
3812,3001,37,104,5.621621621621622,0.15615615615615616,GBFS,BFS
3812,3002,37,104,5.621621621621622,0.15615615615615616,BS,BFS
3812,3120,37,104,5.621621621621622,0.15615615615615616,BS,BFS
3812,3122,37,104,5.621621621621622,0.15615615615615616,BS,BFS
3812,3126,37,104,5.621621621621622,0.15615615615615616,DFS,BFS
3812,3127,37,104,5.621621621621622,0.15615615615615616,BS,BFS
3812,3180,37,104,5.621621621621622,0.15615615615615616,GBFS,BFS
3812,3662,37,104,5.621621621621622,0.15615615615615616,GBFS,BFS
3812,3682,37,104,5.621621621621622,0.15615615615615616,DFS,BFS
3812,3685,37,104,5.621621621621622,0.15615615615615616,GBFS,BFS
3812,3804,37,104,5.621621621621622,0.15615615615615616,DFS,BFS
3812,4030,37,104,5.621621621621622,0.15615615615615616,GBFS,BFS
3812,4032,37,104,5.621621621621622,0.15615615615615616,GBFS,BFS
3812,4034,37,104,5.621621621621622,0.15615615615615616,BS,BFS
3812,4035,37,104,5.621621621621622,0.15615615615615616,BS,BFS
3812,4040,37,104,5.621621621621622,0.15615615615615616,BFS,BFS
3812,4043,37,104,5.621621621621622,0.15615615615615616,BS,BFS
3812,4051,37,104,5.621621621621622,0.15615615615615616,BS,BFS
3812,4057,37,104,5.621621621621622,0.15615615615615616,GBFS,BFS
3812,4063,37,104,5.621621621621622,0.15615615615615616,BS,BFS
3812,4262,37,104,5.621621621621622,0.15615615615615616,BS,BFS
3812,4263,37,104,5.621621621621622,0.15615615615615616,BS,BFS
3812,4264,37,104,5.621621621621622,0.15615615615615616,GBFS,BFS
3812,4266,37,104,5.621621621621622,0.15615615615615616,BS,BFS
3812,4270,37,104,5.621621621621622,0.15615615615615616,GBFS,BFS
3812,4272,37,104,5.621621621621622,0.15615615615615616,GBFS,BFS
3812,4273,37,104,5.621621621621622,0.15615615615615616,BS,BFS
3812,4321,37,104,5.621621621621622,0.15615615615615616,GBFS,BFS
3812,4324,37,104,5.621621621621622,0.15615615615615616,GBFS,BFS
3812,4335,37,104,5.621621621621622,0.15615615615615616,BS,BFS
3812,4812,37,104,5.621621621621622,0.15615615615615616,BS,BFS
3812,4821,37,104,5.621621621621622,0.15615615615615616,BS,BFS
4030,0970,37,104,5.621621621621622,0.15615615615615616,BS,BFS
4030,2000,37,104,5.621621621621622,0.15615615615615616,DFS,BFS
4030,2200,37,104,5.621621621621622,0.15615615615615616,BS,BFS
4030,2820,37,104,5.621621621621622,0.15615615615615616,BS,BFS
4030,2825,37,104,5.621621621621622,0.15615615615615616,DFS,BFS
4030,2827,37,104,5.621621621621622,0.15615615615615616,GBFS,BFS
4030,2846,37,104,5.621621621621622,0.15615615615615616,IDDFS,BFS
4030,3001,37,104,5.621621621621622,0.15615615615615616,BS,BFS
4030,3002,37,104,5.621621621621622,0.15615615615615616,GBFS,BFS
4030,3120,37,104,5.621621621621622,0.15615615615615616,IDDFS,BFS
4030,3122,37,104,5.621621621621622,0.15615615615615616,BS,BFS
4030,3126,37,104,5.621621621621622,0.15615615615615616,DFS,BFS
4030,3127,37,104,5.621621621621622,0.15615615615615616,BS,BFS
4030,3180,37,104,5.621621621621622,0.15615615615615616,IDDFS,BFS
4030,3662,37,104,5.621621621621622,0.15615615615615616,IDDFS,BFS
4030,3682,37,104,5.621621621621622,0.15615615615615616,BS,BFS
4030,3685,37,104,5.621621621621622,0.15615615615615616,BS,BFS
4030,3804,37,104,5.621621621621622,0.15615615615615616,BS,BFS
4030,3812,37,104,5.621621621621622,0.15615615615615616,BS,BFS
4030,4032,37,104,5.621621621621622,0.15615615615615616,IDDFS,BFS
4030,4034,37,104,5.621621621621622,0.15615615615615616,GBFS,BFS
4030,4035,37,104,5.621621621621622,0.15615615615615616,GBFS,BFS
4030,4040,37,104,5.621621621621622,0.15615615615615616,GBFS,BFS
4030,4043,37,104,5.621621621621622,0.15615615615615616,IDDFS,BFS
4030,4051,37,104,5.621621621621622,0.15615615615615616,IDDFS,BFS
4030,4057,37,104,5.621621621621622,0.15615615615615616,GBFS,BFS
4030,4063,37,104,5.621621621621622,0.15615615615615616,BS,BFS
4030,4262,37,104,5.621621621621622,0.15615615615615616,BS,BFS
4030,4263,37,104,5.621621621621622,0.15615615615615616,BS,BFS
4030,4264,37,104,5.621621621621622,0.15615615615615616,GBFS,BFS
4030,4266,37,104,5.621621621621622,0.15615615615615616,BS,BFS
4030,4270,37,104,5.621621621621622,0.15615615615615616,BS,BFS
4030,4272,37,104,5.621621621621622,0.15615615615615616,GBFS,BFS
4030,4273,37,104,5.621621621621622,0.15615615615615616,GBFS,BFS
4030,4321,37,104,5.621621621621622,0.15615615615615616,IDDFS,BFS
4030,4324,37,104,5.621621621621622,0.15615615615615616,BS,BFS
4030,4335,37,104,5.621621621621622,0.15615615615615616,GBFS,BFS
4030,4812,37,104,5.621621621621622,0.15615615615615616,BS,BFS
4030,4821,37,104,5.621621621621622,0.15615615615615616,BS,BFS
4032,0970,37,104,5.621621621621622,0.15615615615615616,GBFS,BFS
4032,2000,37,104,5.621621621621622,0.15615615615615616,GBFS,BFS
4032,2200,37,104,5.621621621621622,0.15615615615615616,BS,BFS
4032,2820,37,104,5.621621621621622,0.15615615615615616,BS,BFS
4032,2825,37,104,5.621621621621622,0.15615615615615616,DFS,BFS
4032,2827,37,104,5.621621621621622,0.15615615615615616,GBFS,BFS
4032,2846,37,104,5.621621621621622,0.15615615615615616,BS,BFS
4032,3001,37,104,5.621621621621622,0.15615615615615616,GBFS,BFS
4032,3002,37,104,5.621621621621622,0.15615615615615616,BS,BFS
4032,3120,37,104,5.621621621621622,0.15615615615615616,DFS,BFS
4032,3122,37,104,5.621621621621622,0.15615615615615616,BS,BFS
4032,3126,37,104,5.621621621621622,0.15615615615615616,GBFS,BFS
4032,3127,37,104,5.621621621621622,0.15615615615615616,GBFS,BFS
4032,3180,37,104,5.621621621621622,0.15615615615615616,GBFS,BFS
4032,3662,37,104,5.621621621621622,0.15615615615615616,GBFS,BFS
4032,3682,37,104,5.621621621621622,0.15615615615615616,DFS,BFS
4032,3685,37,104,5.621621621621622,0.15615615615615616,GBFS,BFS
4032,3804,37,104,5.621621621621622,0.15615615615615616,BS,BFS
4032,3812,37,104,5.621621621621622,0.15615615615615616,GBFS,BFS
4032,4030,37,104,5.621621621621622,0.15615615615615616,IDDFS,BFS
4032,4034,37,104,5.621621621621622,0.15615615615615616,IDDFS,BFS
4032,4035,37,104,5.621621621621622,0.15615615615615616,GBFS,BFS
4032,4040,37,104,5.621621621621622,0.15615615615615616,IDDFS,BFS
4032,4043,37,104,5.621621621621622,0.15615615615615616,IDDFS,BFS
4032,4051,37,104,5.621621621621622,0.15615615615615616,BS,BFS
4032,4057,37,104,5.621621621621622,0.15615615615615616,IDDFS,BFS
4032,4063,37,104,5.621621621621622,0.15615615615615616,BS,BFS
4032,4262,37,104,5.621621621621622,0.15615615615615616,GBFS,BFS
4032,4263,37,104,5.621621621621622,0.15615615615615616,BS,BFS
4032,4264,37,104,5.621621621621622,0.15615615615615616,BS,BFS
4032,4266,37,104,5.621621621621622,0.15615615615615616,BS,BFS
4032,4270,37,104,5.621621621621622,0.15615615615615616,GBFS,BFS
4032,4272,37,104,5.621621621621622,0.15615615615615616,BS,BFS
4032,4273,37,104,5.621621621621622,0.15615615615615616,BS,BFS
4032,4321,37,104,5.621621621621622,0.15615615615615616,IDDFS,BFS
4032,4324,37,104,5.621621621621622,0.15615615615615616,BS,BFS
4032,4335,37,104,5.621621621621622,0.15615615615615616,BS,BFS
4032,4812,37,104,5.621621621621622,0.15615615615615616,BS,BFS
4032,4821,37,104,5.621621621621622,0.15615615615615616,BS,BFS
4034,0970,37,104,5.621621621621622,0.15615615615615616,DFS,BFS
4034,2000,37,104,5.621621621621622,0.15615615615615616,DFS,BFS
4034,2200,37,104,5.621621621621622,0.15615615615615616,BS,BFS
4034,2820,37,104,5.621621621621622,0.15615615615615616,BS,BFS
4034,2825,37,104,5.621621621621622,0.15615615615615616,DFS,BFS
4034,2827,37,104,5.621621621621622,0.15615615615615616,BS,BFS
4034,2846,37,104,5.621621621621622,0.15615615615615616,BS,BFS
4034,3001,37,104,5.621621621621622,0.15615615615615616,BS,BFS
4034,3002,37,104,5.621621621621622,0.15615615615615616,BS,BFS
4034,3120,37,104,5.621621621621622,0.15615615615615616,IDDFS,BFS
4034,3122,37,104,5.621621621621622,0.15615615615615616,BS,BFS
4034,3126,37,104,5.621621621621622,0.15615615615615616,GBFS,BFS
4034,3127,37,104,5.621621621621622,0.15615615615615616,GBFS,BFS
4034,3180,37,104,5.621621621621622,0.15615615615615616,GBFS,BFS
4034,3662,37,104,5.621621621621622,0.15615615615615616,GBFS,BFS
4034,3682,37,104,5.621621621621622,0.15615615615615616,GBFS,BFS
4034,3685,37,104,5.621621621621622,0.15615615615615616,GBFS,BFS
4034,3804,37,104,5.621621621621622,0.15615615615615616,BS,BFS
4034,3812,37,104,5.621621621621622,0.15615615615615616,BS,BFS
4034,4030,37,104,5.621621621621622,0.15615615615615616,IDDFS,BFS
4034,4032,37,104,5.621621621621622,0.15615615615615616,GBFS,BFS
4034,4035,37,104,5.621621621621622,0.15615615615615616,IDDFS,BFS
4034,4040,37,104,5.621621621621622,0.15615615615615616,IDDFS,BFS
4034,4043,37,104,5.621621621621622,0.15615615615615616,IDDFS,BFS
4034,4051,37,104,5.621621621621622,0.15615615615615616,GBFS,BFS
4034,4057,37,104,5.621621621621622,0.15615615615615616,GBFS,BFS
4034,4063,37,104,5.621621621621622,0.15615615615615616,GBFS,BFS
4034,4262,37,104,5.621621621621622,0.15615615615615616,BS,BFS
4034,4263,37,104,5.621621621621622,0.15615615615615616,GBFS,BFS
4034,4264,37,104,5.621621621621622,0.15615615615615616,BS,BFS
4034,4266,37,104,5.621621621621622,0.15615615615615616,BS,BFS
4034,4270,37,104,5.621621621621622,0.15615615615615616,GBFS,BFS
4034,4272,37,104,5.621621621621622,0.15615615615615616,BS,BFS
4034,4273,37,104,5.621621621621622,0.15615615615615616,BS,BFS
4034,4321,37,104,5.621621621621622,0.15615615615615616,BS,BFS
4034,4324,37,104,5.621621621621622,0.15615615615615616,IDDFS,BFS
4034,4335,37,104,5.621621621621622,0.15615615615615616,GBFS,BFS
4034,4812,37,104,5.621621621621622,0.15615615615615616,BS,BFS
4034,4821,37,104,5.621621621621622,0.15615615615615616,BS,BFS
4035,0970,37,104,5.621621621621622,0.15615615615615616,BS,BFS
4035,2000,37,104,5.621621621621622,0.15615615615615616,GBFS,BFS
4035,2200,37,104,5.621621621621622,0.15615615615615616,BS,BFS
4035,2820,37,104,5.621621621621622,0.15615615615615616,GBFS,BFS
4035,2825,37,104,5.621621621621622,0.15615615615615616,DFS,BFS
4035,2827,37,104,5.621621621621622,0.15615615615615616,BS,BFS
4035,2846,37,104,5.621621621621622,0.15615615615615616,BS,BFS
4035,3001,37,104,5.621621621621622,0.15615615615615616,IDDFS,BFS
4035,3002,37,104,5.621621621621622,0.15615615615615616,IDDFS,BFS
4035,3120,37,104,5.621621621621622,0.15615615615615616,IDDFS,BFS
4035,3122,37,104,5.621621621621622,0.15615615615615616,BS,BFS
4035,3126,37,104,5.621621621621622,0.15615615615615616,BS,BFS
4035,3127,37,104,5.621621621621622,0.15615615615615616,GBFS,BFS
4035,3180,37,104,5.621621621621622,0.15615615615615616,BS,BFS
4035,3662,37,104,5.621621621621622,0.15615615615615616,GBFS,BFS
4035,3682,37,104,5.621621621621622,0.15615615615615616,BS,BFS
4035,3685,37,104,5.621621621621622,0.15615615615615616,BS,BFS
4035,3804,37,104,5.621621621621622,0.15615615615615616,BS,BFS
4035,3812,37,104,5.621621621621622,0.15615615615615616,GBFS,BFS
4035,4030,37,104,5.621621621621622,0.15615615615615616,IDDFS,BFS
4035,4032,37,104,5.621621621621622,0.15615615615615616,GBFS,BFS
4035,4034,37,104,5.621621621621622,0.15615615615615616,IDDFS,BFS
4035,4040,37,104,5.621621621621622,0.15615615615615616,GBFS,BFS
4035,4043,37,104,5.621621621621622,0.15615615615615616,IDDFS,BFS
4035,4051,37,104,5.621621621621622,0.15615615615615616,BS,BFS
4035,4057,37,104,5.621621621621622,0.15615615615615616,GBFS,BFS
4035,4063,37,104,5.621621621621622,0.15615615615615616,BS,BFS
4035,4262,37,104,5.621621621621622,0.15615615615615616,BS,BFS
4035,4263,37,104,5.621621621621622,0.15615615615615616,GBFS,BFS
4035,4264,37,104,5.621621621621622,0.15615615615615616,BS,BFS
4035,4266,37,104,5.621621621621622,0.15615615615615616,BS,BFS
4035,4270,37,104,5.621621621621622,0.15615615615615616,GBFS,BFS
4035,4272,37,104,5.621621621621622,0.15615615615615616,GBFS,BFS
4035,4273,37,104,5.621621621621622,0.15615615615615616,GBFS,BFS
4035,4321,37,104,5.621621621621622,0.15615615615615616,GBFS,BFS
4035,4324,37,104,5.621621621621622,0.15615615615615616,BS,BFS
4035,4335,37,104,5.621621621621622,0.15615615615615616,GBFS,BFS
4035,4812,37,104,5.621621621621622,0.15615615615615616,BS,BFS
4035,4821,37,104,5.621621621621622,0.15615615615615616,BS,BFS
4040,0970,37,104,5.621621621621622,0.15615615615615616,GBFS,BFS
4040,2000,37,104,5.621621621621622,0.15615615615615616,BS,BFS
4040,2200,37,104,5.621621621621622,0.15615615615615616,BS,BFS
4040,2820,37,104,5.621621621621622,0.15615615615615616,BS,BFS
4040,2825,37,104,5.621621621621622,0.15615615615615616,IDDFS,BFS
4040,2827,37,104,5.621621621621622,0.15615615615615616,BS,BFS
4040,2846,37,104,5.621621621621622,0.15615615615615616,BS,BFS
4040,3001,37,104,5.621621621621622,0.15615615615615616,GBFS,BFS
4040,3002,37,104,5.621621621621622,0.15615615615615616,GBFS,BFS
4040,3120,37,104,5.621621621621622,0.15615615615615616,GBFS,BFS
4040,3122,37,104,5.621621621621622,0.15615615615615616,GBFS,BFS
4040,3126,37,104,5.621621621621622,0.15615615615615616,GBFS,BFS
4040,3127,37,104,5.621621621621622,0.15615615615615616,BS,BFS
4040,3180,37,104,5.621621621621622,0.15615615615615616,GBFS,BFS
4040,3662,37,104,5.621621621621622,0.15615615615615616,BS,BFS
4040,3682,37,104,5.621621621621622,0.15615615615615616,IDDFS,BFS
4040,3685,37,104,5.621621621621622,0.15615615615615616,GBFS,BFS
4040,3804,37,104,5.621621621621622,0.15615615615615616,IDDFS,BFS
4040,3812,37,104,5.621621621621622,0.15615615615615616,IDDFS,BFS
4040,4030,37,104,5.621621621621622,0.15615615615615616,GBFS,BFS
4040,4032,37,104,5.621621621621622,0.15615615615615616,IDDFS,BFS
4040,4034,37,104,5.621621621621622,0.15615615615615616,IDDFS,BFS
4040,4035,37,104,5.621621621621622,0.15615615615615616,IDDFS,BFS
4040,4043,37,104,5.621621621621622,0.15615615615615616,IDDFS,BFS
4040,4051,37,104,5.621621621621622,0.15615615615615616,GBFS,BFS
4040,4057,37,104,5.621621621621622,0.15615615615615616,BS,BFS
4040,4063,37,104,5.621621621621622,0.15615615615615616,GBFS,BFS
4040,4262,37,104,5.621621621621622,0.15615615615615616,BS,BFS
4040,4263,37,104,5.621621621621622,0.15615615615615616,GBFS,BFS
4040,4264,37,104,5.621621621621622,0.15615615615615616,GBFS,BFS
4040,4266,37,104,5.621621621621622,0.15615615615615616,BS,BFS
4040,4270,37,104,5.621621621621622,0.15615615615615616,IDDFS,BFS
4040,4272,37,104,5.621621621621622,0.15615615615615616,IDDFS,BFS
4040,4273,37,104,5.621621621621622,0.15615615615615616,BS,BFS
4040,4321,37,104,5.621621621621622,0.15615615615615616,GBFS,BFS
4040,4324,37,104,5.621621621621622,0.15615615615615616,GBFS,BFS
4040,4335,37,104,5.621621621621622,0.15615615615615616,GBFS,BFS
4040,4812,37,104,5.621621621621622,0.15615615615615616,BS,BFS
4040,4821,37,104,5.621621621621622,0.15615615615615616,BS,BFS
4043,0970,37,104,5.621621621621622,0.15615615615615616,GBFS,BFS
4043,2000,37,104,5.621621621621622,0.15615615615615616,DFS,BFS
4043,2200,37,104,5.621621621621622,0.15615615615615616,BS,BFS
4043,2820,37,104,5.621621621621622,0.15615615615615616,GBFS,BFS
4043,2825,37,104,5.621621621621622,0.15615615615615616,IDDFS,BFS
4043,2827,37,104,5.621621621621622,0.15615615615615616,GBFS,BFS
4043,2846,37,104,5.621621621621622,0.15615615615615616,BS,BFS
4043,3001,37,104,5.621621621621622,0.15615615615615616,GBFS,BFS
4043,3002,37,104,5.621621621621622,0.15615615615615616,BS,BFS
4043,3120,37,104,5.621621621621622,0.15615615615615616,GBFS,BFS
4043,3122,37,104,5.621621621621622,0.15615615615615616,BS,BFS
4043,3126,37,104,5.621621621621622,0.15615615615615616,GBFS,BFS
4043,3127,37,104,5.621621621621622,0.15615615615615616,BS,BFS
4043,3180,37,104,5.621621621621622,0.15615615615615616,GBFS,BFS
4043,3662,37,104,5.621621621621622,0.15615615615615616,BS,BFS
4043,3682,37,104,5.621621621621622,0.15615615615615616,GBFS,BFS
4043,3685,37,104,5.621621621621622,0.15615615615615616,BS,BFS
4043,3804,37,104,5.621621621621622,0.15615615615615616,GBFS,BFS
4043,3812,37,104,5.621621621621622,0.15615615615615616,GBFS,BFS
4043,4030,37,104,5.621621621621622,0.15615615615615616,GBFS,BFS
4043,4032,37,104,5.621621621621622,0.15615615615615616,GBFS,BFS
4043,4034,37,104,5.621621621621622,0.15615615615615616,IDDFS,BFS
4043,4035,37,104,5.621621621621622,0.15615615615615616,IDDFS,BFS
4043,4040,37,104,5.621621621621622,0.15615615615615616,IDDFS,BFS
4043,4051,37,104,5.621621621621622,0.15615615615615616,GBFS,BFS
4043,4057,37,104,5.621621621621622,0.15615615615615616,BS,BFS
4043,4063,37,104,5.621621621621622,0.15615615615615616,GBFS,BFS
4043,4262,37,104,5.621621621621622,0.15615615615615616,BS,BFS
4043,4263,37,104,5.621621621621622,0.15615615615615616,BS,BFS
4043,4264,37,104,5.621621621621622,0.15615615615615616,BS,BFS
4043,4266,37,104,5.621621621621622,0.15615615615615616,BS,BFS
4043,4270,37,104,5.621621621621622,0.15615615615615616,BS,BFS
4043,4272,37,104,5.621621621621622,0.15615615615615616,GBFS,BFS
4043,4273,37,104,5.621621621621622,0.15615615615615616,IDDFS,BFS
4043,4321,37,104,5.621621621621622,0.15615615615615616,GBFS,BFS
4043,4324,37,104,5.621621621621622,0.15615615615615616,BS,BFS
4043,4335,37,104,5.621621621621622,0.15615615615615616,GBFS,BFS
4043,4812,37,104,5.621621621621622,0.15615615615615616,BS,BFS
4043,4821,37,104,5.621621621621622,0.15615615615615616,BS,BFS
4051,0970,37,104,5.621621621621622,0.15615615615615616,BS,BFS
4051,2000,37,104,5.621621621621622,0.15615615615615616,BS,BFS
4051,2200,37,104,5.621621621621622,0.15615615615615616,BS,BFS
4051,2820,37,104,5.621621621621622,0.15615615615615616,BS,BFS
4051,2825,37,104,5.621621621621622,0.15615615615615616,GBFS,BFS
4051,2827,37,104,5.621621621621622,0.15615615615615616,BFS,BFS
4051,2846,37,104,5.621621621621622,0.15615615615615616,GBFS,BFS
4051,3001,37,104,5.621621621621622,0.15615615615615616,GBFS,BFS
4051,3002,37,104,5.621621621621622,0.15615615615615616,GBFS,BFS
4051,3120,37,104,5.621621621621622,0.15615615615615616,GBFS,BFS
4051,3122,37,104,5.621621621621622,0.15615615615615616,GBFS,BFS
4051,3126,37,104,5.621621621621622,0.15615615615615616,GBFS,BFS
4051,3127,37,104,5.621621621621622,0.15615615615615616,GBFS,BFS
4051,3180,37,104,5.621621621621622,0.15615615615615616,BFS,BFS
4051,3662,37,104,5.621621621621622,0.15615615615615616,GBFS,BFS
4051,3682,37,104,5.621621621621622,0.15615615615615616,BS,BFS
4051,3685,37,104,5.621621621621622,0.15615615615615616,BS,BFS
4051,3804,37,104,5.621621621621622,0.15615615615615616,BS,BFS
4051,3812,37,104,5.621621621621622,0.15615615615615616,BS,BFS
4051,4030,37,104,5.621621621621622,0.15615615615615616,IDDFS,BFS
4051,4032,37,104,5.621621621621622,0.15615615615615616,GBFS,BFS
4051,4034,37,104,5.621621621621622,0.15615615615615616,GBFS,BFS
4051,4035,37,104,5.621621621621622,0.15615615615615616,BS,BFS
4051,4040,37,104,5.621621621621622,0.15615615615615616,BS,BFS
4051,4043,37,104,5.621621621621622,0.15615615615615616,BS,BFS
4051,4057,37,104,5.621621621621622,0.15615615615615616,GBFS,BFS
4051,4063,37,104,5.621621621621622,0.15615615615615616,GBFS,BFS
4051,4262,37,104,5.621621621621622,0.15615615615615616,BS,BFS
4051,4263,37,104,5.621621621621622,0.15615615615615616,BS,BFS
4051,4264,37,104,5.621621621621622,0.15615615615615616,GBFS,BFS
4051,4266,37,104,5.621621621621622,0.15615615615615616,BS,BFS
4051,4270,37,104,5.621621621621622,0.15615615615615616,GBFS,BFS
4051,4272,37,104,5.621621621621622,0.15615615615615616,GBFS,BFS
4051,4273,37,104,5.621621621621622,0.15615615615615616,BS,BFS
4051,4321,37,104,5.621621621621622,0.15615615615615616,BS,BFS
4051,4324,37,104,5.621621621621622,0.15615615615615616,BS,BFS
4051,4335,37,104,5.621621621621622,0.15615615615615616,BS,BFS
4051,4812,37,104,5.621621621621622,0.15615615615615616,BS,BFS
4051,4821,37,104,5.621621621621622,0.15615615615615616,BS,BFS
4057,0970,37,104,5.621621621621622,0.15615615615615616,GBFS,BFS
4057,2000,37,104,5.621621621621622,0.15615615615615616,BS,BFS
4057,2200,37,104,5.621621621621622,0.15615615615615616,BS,BFS
4057,2820,37,104,5.621621621621622,0.15615615615615616,BS,BFS
4057,2825,37,104,5.621621621621622,0.15615615615615616,BS,BFS
4057,2827,37,104,5.621621621621622,0.15615615615615616,GBFS,BFS
4057,2846,37,104,5.621621621621622,0.15615615615615616,DFS,BFS
4057,3001,37,104,5.621621621621622,0.15615615615615616,BS,BFS
4057,3002,37,104,5.621621621621622,0.15615615615615616,BS,BFS
4057,3120,37,104,5.621621621621622,0.15615615615615616,DFS,BFS
4057,3122,37,104,5.621621621621622,0.15615615615615616,GBFS,BFS
4057,3126,37,104,5.621621621621622,0.15615615615615616,IDDFS,BFS
4057,3127,37,104,5.621621621621622,0.15615615615615616,DFS,BFS
4057,3180,37,104,5.621621621621622,0.15615615615615616,IDDFS,BFS
4057,3662,37,104,5.621621621621622,0.15615615615615616,GBFS,BFS
4057,3682,37,104,5.621621621621622,0.15615615615615616,BS,BFS
4057,3685,37,104,5.621621621621622,0.15615615615615616,BS,BFS
4057,3804,37,104,5.621621621621622,0.15615615615615616,BS,BFS
4057,3812,37,104,5.621621621621622,0.15615615615615616,BS,BFS
4057,4030,37,104,5.621621621621622,0.15615615615615616,GBFS,BFS
4057,4032,37,104,5.621621621621622,0.15615615615615616,IDDFS,BFS
4057,4034,37,104,5.621621621621622,0.15615615615615616,BS,BFS
4057,4035,37,104,5.621621621621622,0.15615615615615616,GBFS,BFS
4057,4040,37,104,5.621621621621622,0.15615615615615616,GBFS,BFS
4057,4043,37,104,5.621621621621622,0.15615615615615616,BS,BFS
4057,4051,37,104,5.621621621621622,0.15615615615615616,ASTAR,BFS
4057,4063,37,104,5.621621621621622,0.15615615615615616,BS,BFS
4057,4262,37,104,5.621621621621622,0.15615615615615616,BS,BFS
4057,4263,37,104,5.621621621621622,0.15615615615615616,GBFS,BFS
4057,4264,37,104,5.621621621621622,0.15615615615615616,GBFS,BFS
4057,4266,37,104,5.621621621621622,0.15615615615615616,BS,BFS
4057,4270,37,104,5.621621621621622,0.15615615615615616,BS,BFS
4057,4272,37,104,5.621621621621622,0.15615615615615616,BS,BFS
4057,4273,37,104,5.621621621621622,0.15615615615615616,BS,BFS
4057,4321,37,104,5.621621621621622,0.15615615615615616,GBFS,BFS
4057,4324,37,104,5.621621621621622,0.15615615615615616,BS,BFS
4057,4335,37,104,5.621621621621622,0.15615615615615616,GBFS,BFS
4057,4812,37,104,5.621621621621622,0.15615615615615616,BS,BFS
4057,4821,37,104,5.621621621621622,0.15615615615615616,BS,BFS
4063,0970,37,104,5.621621621621622,0.15615615615615616,BS,BFS
4063,2000,37,104,5.621621621621622,0.15615615615615616,BS,BFS
4063,2200,37,104,5.621621621621622,0.15615615615615616,BS,BFS
4063,2820,37,104,5.621621621621622,0.15615615615615616,GBFS,BFS
4063,2825,37,104,5.621621621621622,0.15615615615615616,BS,BFS
4063,2827,37,104,5.621621621621622,0.15615615615615616,GBFS,BFS
4063,2846,37,104,5.621621621621622,0.15615615615615616,DFS,BFS
4063,3001,37,104,5.621621621621622,0.15615615615615616,DFS,BFS
4063,3002,37,104,5.621621621621622,0.15615615615615616,DFS,BFS
4063,3120,37,104,5.621621621621622,0.15615615615615616,GBFS,BFS
4063,3122,37,104,5.621621621621622,0.15615615615615616,BS,BFS
4063,3126,37,104,5.621621621621622,0.15615615615615616,IDDFS,BFS
4063,3127,37,104,5.621621621621622,0.15615615615615616,DFS,BFS
4063,3180,37,104,5.621621621621622,0.15615615615615616,IDDFS,BFS
4063,3662,37,104,5.621621621621622,0.15615615615615616,GBFS,BFS
4063,3682,37,104,5.621621621621622,0.15615615615615616,BS,BFS
4063,3685,37,104,5.621621621621622,0.15615615615615616,BS,BFS
4063,3804,37,104,5.621621621621622,0.15615615615615616,GBFS,BFS
4063,3812,37,104,5.621621621621622,0.15615615615615616,BS,BFS
4063,4030,37,104,5.621621621621622,0.15615615615615616,GBFS,BFS
4063,4032,37,104,5.621621621621622,0.15615615615615616,GBFS,BFS
4063,4034,37,104,5.621621621621622,0.15615615615615616,IDDFS,BFS
4063,4035,37,104,5.621621621621622,0.15615615615615616,BS,BFS
4063,4040,37,104,5.621621621621622,0.15615615615615616,GBFS,BFS
4063,4043,37,104,5.621621621621622,0.15615615615615616,GBFS,BFS
4063,4051,37,104,5.621621621621622,0.15615615615615616,GBFS,BFS
4063,4057,37,104,5.621621621621622,0.15615615615615616,IDDFS,BFS
4063,4262,37,104,5.621621621621622,0.15615615615615616,GBFS,BFS
4063,4263,37,104,5.621621621621622,0.15615615615615616,GBFS,BFS
4063,4264,37,104,5.621621621621622,0.15615615615615616,GBFS,BFS
4063,4266,37,104,5.621621621621622,0.15615615615615616,BS,BFS
4063,4270,37,104,5.621621621621622,0.15615615615615616,GBFS,BFS
4063,4272,37,104,5.621621621621622,0.15615615615615616,BS,BFS
4063,4273,37,104,5.621621621621622,0.15615615615615616,GBFS,BFS
4063,4321,37,104,5.621621621621622,0.15615615615615616,BS,BFS
4063,4324,37,104,5.621621621621622,0.15615615615615616,BS,BFS
4063,4335,37,104,5.621621621621622,0.15615615615615616,GBFS,BFS
4063,4812,37,104,5.621621621621622,0.15615615615615616,BS,BFS
4063,4821,37,104,5.621621621621622,0.15615615615615616,BS,BFS
4262,0970,37,104,5.621621621621622,0.15615615615615616,BS,BFS
4262,2000,37,104,5.621621621621622,0.15615615615615616,GBFS,BFS
4262,2200,37,104,5.621621621621622,0.15615615615615616,BS,BFS
4262,2820,37,104,5.621621621621622,0.15615615615615616,BS,BFS
4262,2825,37,104,5.621621621621622,0.15615615615615616,BS,BFS
4262,2827,37,104,5.621621621621622,0.15615615615615616,BS,BFS
4262,2846,37,104,5.621621621621622,0.15615615615615616,DFS,BFS
4262,3001,37,104,5.621621621621622,0.15615615615615616,DFS,BFS
4262,3002,37,104,5.621621621621622,0.15615615615615616,IDDFS,BFS
4262,3120,37,104,5.621621621621622,0.15615615615615616,GBFS,BFS
4262,3122,37,104,5.621621621621622,0.15615615615615616,BS,BFS
4262,3126,37,104,5.621621621621622,0.15615615615615616,GBFS,BFS
4262,3127,37,104,5.621621621621622,0.15615615615615616,GBFS,BFS
4262,3180,37,104,5.621621621621622,0.15615615615615616,BS,BFS
4262,3662,37,104,5.621621621621622,0.15615615615615616,DFS,BFS
4262,3682,37,104,5.621621621621622,0.15615615615615616,BS,BFS
4262,3685,37,104,5.621621621621622,0.15615615615615616,BS,BFS
4262,3804,37,104,5.621621621621622,0.15615615615615616,GBFS,BFS
4262,3812,37,104,5.621621621621622,0.15615615615615616,BS,BFS
4262,4030,37,104,5.621621621621622,0.15615615615615616,DFS,BFS
4262,4032,37,104,5.621621621621622,0.15615615615615616,BS,BFS
4262,4034,37,104,5.621621621621622,0.15615615615615616,GBFS,BFS
4262,4035,37,104,5.621621621621622,0.15615615615615616,GBFS,BFS
4262,4040,37,104,5.621621621621622,0.15615615615615616,GBFS,BFS
4262,4043,37,104,5.621621621621622,0.15615615615615616,BS,BFS
4262,4051,37,104,5.621621621621622,0.15615615615615616,BS,BFS
4262,4057,37,104,5.621621621621622,0.15615615615615616,GBFS,BFS
4262,4063,37,104,5.621621621621622,0.15615615615615616,BS,BFS
4262,4263,37,104,5.621621621621622,0.15615615615615616,BFS,BFS
4262,4264,37,104,5.621621621621622,0.15615615615615616,IDDFS,BFS
4262,4266,37,104,5.621621621621622,0.15615615615615616,IDDFS,BFS
4262,4270,37,104,5.621621621621622,0.15615615615615616,BS,BFS
4262,4272,37,104,5.621621621621622,0.15615615615615616,GBFS,BFS
4262,4273,37,104,5.621621621621622,0.15615615615615616,BS,BFS
4262,4321,37,104,5.621621621621622,0.15615615615615616,BS,BFS
4262,4324,37,104,5.621621621621622,0.15615615615615616,GBFS,BFS
4262,4335,37,104,5.621621621621622,0.15615615615615616,BS,BFS
4262,4812,37,104,5.621621621621622,0.15615615615615616,BS,BFS
4262,4821,37,104,5.621621621621622,0.15615615615615616,BS,BFS
4263,0970,37,104,5.621621621621622,0.15615615615615616,GBFS,BFS
4263,2000,37,104,5.621621621621622,0.15615615615615616,GBFS,BFS
4263,2200,37,104,5.621621621621622,0.15615615615615616,BS,BFS
4263,2820,37,104,5.621621621621622,0.15615615615615616,BS,BFS
4263,2825,37,104,5.621621621621622,0.15615615615615616,GBFS,BFS
4263,2827,37,104,5.621621621621622,0.15615615615615616,GBFS,BFS
4263,2846,37,104,5.621621621621622,0.15615615615615616,DFS,BFS
4263,3001,37,104,5.621621621621622,0.15615615615615616,DFS,BFS
4263,3002,37,104,5.621621621621622,0.15615615615615616,DFS,BFS
4263,3120,37,104,5.621621621621622,0.15615615615615616,BS,BFS
4263,3122,37,104,5.621621621621622,0.15615615615615616,GBFS,BFS
4263,3126,37,104,5.621621621621622,0.15615615615615616,GBFS,BFS
4263,3127,37,104,5.621621621621622,0.15615615615615616,GBFS,BFS
4263,3180,37,104,5.621621621621622,0.15615615615615616,GBFS,BFS
4263,3662,37,104,5.621621621621622,0.15615615615615616,GBFS,BFS
4263,3682,37,104,5.621621621621622,0.15615615615615616,BS,BFS
4263,3685,37,104,5.621621621621622,0.15615615615615616,GBFS,BFS
4263,3804,37,104,5.621621621621622,0.15615615615615616,GBFS,BFS
4263,3812,37,104,5.621621621621622,0.15615615615615616,BS,BFS
4263,4030,37,104,5.621621621621622,0.15615615615615616,BS,BFS
4263,4032,37,104,5.621621621621622,0.15615615615615616,BS,BFS
4263,4034,37,104,5.621621621621622,0.15615615615615616,GBFS,BFS
4263,4035,37,104,5.621621621621622,0.15615615615615616,IDDFS,BFS
4263,4040,37,104,5.621621621621622,0.15615615615615616,GBFS,BFS
4263,4043,37,104,5.621621621621622,0.15615615615615616,GBFS,BFS
4263,4051,37,104,5.621621621621622,0.15615615615615616,GBFS,BFS
4263,4057,37,104,5.621621621621622,0.15615615615615616,GBFS,BFS
4263,4063,37,104,5.621621621621622,0.15615615615615616,BS,BFS
4263,4262,37,104,5.621621621621622,0.15615615615615616,IDDFS,BFS
4263,4264,37,104,5.621621621621622,0.15615615615615616,IDDFS,BFS
4263,4266,37,104,5.621621621621622,0.15615615615615616,IDDFS,BFS
4263,4270,37,104,5.621621621621622,0.15615615615615616,GBFS,BFS
4263,4272,37,104,5.621621621621622,0.15615615615615616,BS,BFS
4263,4273,37,104,5.621621621621622,0.15615615615615616,BS,BFS
4263,4321,37,104,5.621621621621622,0.15615615615615616,BS,BFS
4263,4324,37,104,5.621621621621622,0.15615615615615616,BS,BFS
4263,4335,37,104,5.621621621621622,0.15615615615615616,BS,BFS
4263,4812,37,104,5.621621621621622,0.15615615615615616,BS,BFS
4263,4821,37,104,5.621621621621622,0.15615615615615616,BS,BFS
4264,0970,37,104,5.621621621621622,0.15615615615615616,GBFS,BFS
4264,2000,37,104,5.621621621621622,0.15615615615615616,BS,BFS
4264,2200,37,104,5.621621621621622,0.15615615615615616,BS,BFS
4264,2820,37,104,5.621621621621622,0.15615615615615616,BS,BFS
4264,2825,37,104,5.621621621621622,0.15615615615615616,BS,BFS
4264,2827,37,104,5.621621621621622,0.15615615615615616,GBFS,BFS
4264,2846,37,104,5.621621621621622,0.15615615615615616,DFS,BFS
4264,3001,37,104,5.621621621621622,0.15615615615615616,GBFS,BFS
4264,3002,37,104,5.621621621621622,0.15615615615615616,GBFS,BFS
4264,3120,37,104,5.621621621621622,0.15615615615615616,GBFS,BFS
4264,3122,37,104,5.621621621621622,0.15615615615615616,BS,BFS
4264,3126,37,104,5.621621621621622,0.15615615615615616,BS,BFS
4264,3127,37,104,5.621621621621622,0.15615615615615616,BS,BFS
4264,3180,37,104,5.621621621621622,0.15615615615615616,BS,BFS
4264,3662,37,104,5.621621621621622,0.15615615615615616,BS,BFS
4264,3682,37,104,5.621621621621622,0.15615615615615616,GBFS,BFS
4264,3685,37,104,5.621621621621622,0.15615615615615616,GBFS,BFS
4264,3804,37,104,5.621621621621622,0.15615615615615616,BS,BFS
4264,3812,37,104,5.621621621621622,0.15615615615615616,GBFS,BFS
4264,4030,37,104,5.621621621621622,0.15615615615615616,BS,BFS
4264,4032,37,104,5.621621621621622,0.15615615615615616,BS,BFS
4264,4034,37,104,5.621621621621622,0.15615615615615616,BS,BFS
4264,4035,37,104,5.621621621621622,0.15615615615615616,BS,BFS
4264,4040,37,104,5.621621621621622,0.15615615615615616,GBFS,BFS
4264,4043,37,104,5.621621621621622,0.15615615615615616,BS,BFS
4264,4051,37,104,5.621621621621622,0.15615615615615616,BS,BFS
4264,4057,37,104,5.621621621621622,0.15615615615615616,GBFS,BFS
4264,4063,37,104,5.621621621621622,0.15615615615615616,GBFS,BFS
4264,4262,37,104,5.621621621621622,0.15615615615615616,DFS,BFS
4264,4263,37,104,5.621621621621622,0.15615615615615616,DFS,BFS
4264,4266,37,104,5.621621621621622,0.15615615615615616,IDDFS,BFS
4264,4270,37,104,5.621621621621622,0.15615615615615616,IDDFS,BFS
4264,4272,37,104,5.621621621621622,0.15615615615615616,GBFS,BFS
4264,4273,37,104,5.621621621621622,0.15615615615615616,BS,BFS
4264,4321,37,104,5.621621621621622,0.15615615615615616,BS,BFS
4264,4324,37,104,5.621621621621622,0.15615615615615616,IDDFS,BFS
4264,4335,37,104,5.621621621621622,0.15615615615615616,BS,BFS
4264,4812,37,104,5.621621621621622,0.15615615615615616,BS,BFS
4264,4821,37,104,5.621621621621622,0.15615615615615616,BS,BFS
4266,0970,37,104,5.621621621621622,0.15615615615615616,BS,BFS
4266,2000,37,104,5.621621621621622,0.15615615615615616,BS,BFS
4266,2200,37,104,5.621621621621622,0.15615615615615616,BS,BFS
4266,2820,37,104,5.621621621621622,0.15615615615615616,BS,BFS
4266,2825,37,104,5.621621621621622,0.15615615615615616,BS,BFS
4266,2827,37,104,5.621621621621622,0.15615615615615616,BS,BFS
4266,2846,37,104,5.621621621621622,0.15615615615615616,DFS,BFS
4266,3001,37,104,5.621621621621622,0.15615615615615616,BS,BFS
4266,3002,37,104,5.621621621621622,0.15615615615615616,BS,BFS
4266,3120,37,104,5.621621621621622,0.15615615615615616,GBFS,BFS
4266,3122,37,104,5.621621621621622,0.15615615615615616,GBFS,BFS
4266,3126,37,104,5.621621621621622,0.15615615615615616,GBFS,BFS
4266,3127,37,104,5.621621621621622,0.15615615615615616,BS,BFS
4266,3180,37,104,5.621621621621622,0.15615615615615616,BS,BFS
4266,3662,37,104,5.621621621621622,0.15615615615615616,BS,BFS
4266,3682,37,104,5.621621621621622,0.15615615615615616,BS,BFS
4266,3685,37,104,5.621621621621622,0.15615615615615616,GBFS,BFS
4266,3804,37,104,5.621621621621622,0.15615615615615616,BS,BFS
4266,3812,37,104,5.621621621621622,0.15615615615615616,GBFS,BFS
4266,4030,37,104,5.621621621621622,0.15615615615615616,GBFS,BFS
4266,4032,37,104,5.621621621621622,0.15615615615615616,GBFS,BFS
4266,4034,37,104,5.621621621621622,0.15615615615615616,BS,BFS
4266,4035,37,104,5.621621621621622,0.15615615615615616,GBFS,BFS
4266,4040,37,104,5.621621621621622,0.15615615615615616,ASTAR,BFS
4266,4043,37,104,5.621621621621622,0.15615615615615616,BS,BFS
4266,4051,37,104,5.621621621621622,0.15615615615615616,BS,BFS
4266,4057,37,104,5.621621621621622,0.15615615615615616,BS,BFS
4266,4063,37,104,5.621621621621622,0.15615615615615616,GBFS,BFS
4266,4262,37,104,5.621621621621622,0.15615615615615616,BFS,BFS
4266,4263,37,104,5.621621621621622,0.15615615615615616,DFS,BFS
4266,4264,37,104,5.621621621621622,0.15615615615615616,IDDFS,BFS
4266,4270,37,104,5.621621621621622,0.15615615615615616,GBFS,BFS
4266,4272,37,104,5.621621621621622,0.15615615615615616,GBFS,BFS
4266,4273,37,104,5.621621621621622,0.15615615615615616,GBFS,BFS
4266,4321,37,104,5.621621621621622,0.15615615615615616,BS,BFS
4266,4324,37,104,5.621621621621622,0.15615615615615616,BS,BFS
4266,4335,37,104,5.621621621621622,0.15615615615615616,BS,BFS
4266,4812,37,104,5.621621621621622,0.15615615615615616,BS,BFS
4266,4821,37,104,5.621621621621622,0.15615615615615616,BS,BFS
4270,0970,37,104,5.621621621621622,0.15615615615615616,DFS,BFS
4270,2000,37,104,5.621621621621622,0.15615615615615616,GBFS,BFS
4270,2200,37,104,5.621621621621622,0.15615615615615616,BS,BFS
4270,2820,37,104,5.621621621621622,0.15615615615615616,BS,BFS
4270,2825,37,104,5.621621621621622,0.15615615615615616,BS,BFS
4270,2827,37,104,5.621621621621622,0.15615615615615616,GBFS,BFS
4270,2846,37,104,5.621621621621622,0.15615615615615616,BS,BFS
4270,3001,37,104,5.621621621621622,0.15615615615615616,BS,BFS
4270,3002,37,104,5.621621621621622,0.15615615615615616,BS,BFS
4270,3120,37,104,5.621621621621622,0.15615615615615616,BS,BFS
4270,3122,37,104,5.621621621621622,0.15615615615615616,BS,BFS
4270,3126,37,104,5.621621621621622,0.15615615615615616,GBFS,BFS
4270,3127,37,104,5.621621621621622,0.15615615615615616,BS,BFS
4270,3180,37,104,5.621621621621622,0.15615615615615616,BS,BFS
4270,3662,37,104,5.621621621621622,0.15615615615615616,GBFS,BFS
4270,3682,37,104,5.621621621621622,0.15615615615615616,DFS,BFS
4270,3685,37,104,5.621621621621622,0.15615615615615616,IDDFS,BFS
4270,3804,37,104,5.621621621621622,0.15615615615615616,IDDFS,BFS
4270,3812,37,104,5.621621621621622,0.15615615615615616,GBFS,BFS
4270,4030,37,104,5.621621621621622,0.15615615615615616,BS,BFS
4270,4032,37,104,5.621621621621622,0.15615615615615616,GBFS,BFS
4270,4034,37,104,5.621621621621622,0.15615615615615616,GBFS,BFS
4270,4035,37,104,5.621621621621622,0.15615615615615616,GBFS,BFS
4270,4040,37,104,5.621621621621622,0.15615615615615616,IDDFS,BFS
4270,4043,37,104,5.621621621621622,0.15615615615615616,GBFS,BFS
4270,4051,37,104,5.621621621621622,0.15615615615615616,BS,BFS
4270,4057,37,104,5.621621621621622,0.15615615615615616,GBFS,BFS
4270,4063,37,104,5.621621621621622,0.15615615615615616,BS,BFS
4270,4262,37,104,5.621621621621622,0.15615615615615616,BS,BFS
4270,4263,37,104,5.621621621621622,0.15615615615615616,GBFS,BFS
4270,4264,37,104,5.621621621621622,0.15615615615615616,GBFS,BFS
4270,4266,37,104,5.621621621621622,0.15615615615615616,ASTAR,BFS
4270,4272,37,104,5.621621621621622,0.15615615615615616,IDDFS,BFS
4270,4273,37,104,5.621621621621622,0.15615615615615616,GBFS,BFS
4270,4321,37,104,5.621621621621622,0.15615615615615616,BS,BFS
4270,4324,37,104,5.621621621621622,0.15615615615615616,IDDFS,BFS
4270,4335,37,104,5.621621621621622,0.15615615615615616,BS,BFS
4270,4812,37,104,5.621621621621622,0.15615615615615616,BS,BFS
4270,4821,37,104,5.621621621621622,0.15615615615615616,BS,BFS
4272,0970,37,104,5.621621621621622,0.15615615615615616,IDDFS,BFS
4272,2000,37,104,5.621621621621622,0.15615615615615616,GBFS,BFS
4272,2200,37,104,5.621621621621622,0.15615615615615616,BS,BFS
4272,2820,37,104,5.621621621621622,0.15615615615615616,BS,BFS
4272,2825,37,104,5.621621621621622,0.15615615615615616,GBFS,BFS
4272,2827,37,104,5.621621621621622,0.15615615615615616,BS,BFS
4272,2846,37,104,5.621621621621622,0.15615615615615616,BS,BFS
4272,3001,37,104,5.621621621621622,0.15615615615615616,BS,BFS
4272,3002,37,104,5.621621621621622,0.15615615615615616,BS,BFS
4272,3120,37,104,5.621621621621622,0.15615615615615616,BS,BFS
4272,3122,37,104,5.621621621621622,0.15615615615615616,BS,BFS
4272,3126,37,104,5.621621621621622,0.15615615615615616,BS,BFS
4272,3127,37,104,5.621621621621622,0.15615615615615616,BS,BFS
4272,3180,37,104,5.621621621621622,0.15615615615615616,BS,BFS
4272,3662,37,104,5.621621621621622,0.15615615615615616,GBFS,BFS
4272,3682,37,104,5.621621621621622,0.15615615615615616,BFS,BFS
4272,3685,37,104,5.621621621621622,0.15615615615615616,GBFS,BFS
4272,3804,37,104,5.621621621621622,0.15615615615615616,IDDFS,BFS
4272,3812,37,104,5.621621621621622,0.15615615615615616,GBFS,BFS
4272,4030,37,104,5.621621621621622,0.15615615615615616,GBFS,BFS
4272,4032,37,104,5.621621621621622,0.15615615615615616,GBFS,BFS
4272,4034,37,104,5.621621621621622,0.15615615615615616,BS,BFS
4272,4035,37,104,5.621621621621622,0.15615615615615616,BS,BFS
4272,4040,37,104,5.621621621621622,0.15615615615615616,IDDFS,BFS
4272,4043,37,104,5.621621621621622,0.15615615615615616,GBFS,BFS
4272,4051,37,104,5.621621621621622,0.15615615615615616,GBFS,BFS
4272,4057,37,104,5.621621621621622,0.15615615615615616,GBFS,BFS
4272,4063,37,104,5.621621621621622,0.15615615615615616,BS,BFS
4272,4262,37,104,5.621621621621622,0.15615615615615616,GBFS,BFS
4272,4263,37,104,5.621621621621622,0.15615615615615616,BS,BFS
4272,4264,37,104,5.621621621621622,0.15615615615615616,BS,BFS
4272,4266,37,104,5.621621621621622,0.15615615615615616,BS,BFS
4272,4270,37,104,5.621621621621622,0.15615615615615616,IDDFS,BFS
4272,4273,37,104,5.621621621621622,0.15615615615615616,GBFS,BFS
4272,4321,37,104,5.621621621621622,0.15615615615615616,GBFS,BFS
4272,4324,37,104,5.621621621621622,0.15615615615615616,GBFS,BFS
4272,4335,37,104,5.621621621621622,0.15615615615615616,BS,BFS
4272,4812,37,104,5.621621621621622,0.15615615615615616,BS,BFS
4272,4821,37,104,5.621621621621622,0.15615615615615616,BS,BFS
4273,0970,37,104,5.621621621621622,0.15615615615615616,BS,BFS
4273,2000,37,104,5.621621621621622,0.15615615615615616,BFS,BFS
4273,2200,37,104,5.621621621621622,0.15615615615615616,BS,BFS
4273,2820,37,104,5.621621621621622,0.15615615615615616,GBFS,BFS
4273,2825,37,104,5.621621621621622,0.15615615615615616,DFS,BFS
4273,2827,37,104,5.621621621621622,0.15615615615615616,GBFS,BFS
4273,2846,37,104,5.621621621621622,0.15615615615615616,DFS,BFS
4273,3001,37,104,5.621621621621622,0.15615615615615616,BS,BFS
4273,3002,37,104,5.621621621621622,0.15615615615615616,BS,BFS
4273,3120,37,104,5.621621621621622,0.15615615615615616,BS,BFS
4273,3122,37,104,5.621621621621622,0.15615615615615616,GBFS,BFS
4273,3126,37,104,5.621621621621622,0.15615615615615616,GBFS,BFS
4273,3127,37,104,5.621621621621622,0.15615615615615616,GBFS,BFS
4273,3180,37,104,5.621621621621622,0.15615615615615616,GBFS,BFS
4273,3662,37,104,5.621621621621622,0.15615615615615616,BS,BFS
4273,3682,37,104,5.621621621621622,0.15615615615615616,IDDFS,BFS
4273,3685,37,104,5.621621621621622,0.15615615615615616,IDDFS,BFS
4273,3804,37,104,5.621621621621622,0.15615615615615616,GBFS,BFS
4273,3812,37,104,5.621621621621622,0.15615615615615616,BS,BFS
4273,4030,37,104,5.621621621621622,0.15615615615615616,DFS,BFS
4273,4032,37,104,5.621621621621622,0.15615615615615616,BS,BFS
4273,4034,37,104,5.621621621621622,0.15615615615615616,GBFS,BFS
4273,4035,37,104,5.621621621621622,0.15615615615615616,BS,BFS
4273,4040,37,104,5.621621621621622,0.15615615615615616,BS,BFS
4273,4043,37,104,5.621621621621622,0.15615615615615616,IDDFS,BFS
4273,4051,37,104,5.621621621621622,0.15615615615615616,BS,BFS
4273,4057,37,104,5.621621621621622,0.15615615615615616,GBFS,BFS
4273,4063,37,104,5.621621621621622,0.15615615615615616,GBFS,BFS
4273,4262,37,104,5.621621621621622,0.15615615615615616,GBFS,BFS
4273,4263,37,104,5.621621621621622,0.15615615615615616,BS,BFS
4273,4264,37,104,5.621621621621622,0.15615615615615616,GBFS,BFS
4273,4266,37,104,5.621621621621622,0.15615615615615616,BS,BFS
4273,4270,37,104,5.621621621621622,0.15615615615615616,GBFS,BFS
4273,4272,37,104,5.621621621621622,0.15615615615615616,IDDFS,BFS
4273,4321,37,104,5.621621621621622,0.15615615615615616,BS,BFS
4273,4324,37,104,5.621621621621622,0.15615615615615616,BS,BFS
4273,4335,37,104,5.621621621621622,0.15615615615615616,GBFS,BFS
4273,4812,37,104,5.621621621621622,0.15615615615615616,BS,BFS
4273,4821,37,104,5.621621621621622,0.15615615615615616,BS,BFS
4321,0970,37,104,5.621621621621622,0.15615615615615616,BS,BFS
4321,2000,37,104,5.621621621621622,0.15615615615615616,BS,BFS
4321,2200,37,104,5.621621621621622,0.15615615615615616,BS,BFS
4321,2820,37,104,5.621621621621622,0.15615615615615616,DFS,BFS
4321,2825,37,104,5.621621621621622,0.15615615615615616,BS,BFS
4321,2827,37,104,5.621621621621622,0.15615615615615616,BS,BFS
4321,2846,37,104,5.621621621621622,0.15615615615615616,BFS,BFS
4321,3001,37,104,5.621621621621622,0.15615615615615616,IDDFS,BFS
4321,3002,37,104,5.621621621621622,0.15615615615615616,BS,BFS
4321,3120,37,104,5.621621621621622,0.15615615615615616,GBFS,BFS
4321,3122,37,104,5.621621621621622,0.15615615615615616,BS,BFS
4321,3126,37,104,5.621621621621622,0.15615615615615616,GBFS,BFS
4321,3127,37,104,5.621621621621622,0.15615615615615616,BS,BFS
4321,3180,37,104,5.621621621621622,0.15615615615615616,GBFS,BFS
4321,3662,37,104,5.621621621621622,0.15615615615615616,DFS,BFS
4321,3682,37,104,5.621621621621622,0.15615615615615616,BS,BFS
4321,3685,37,104,5.621621621621622,0.15615615615615616,BS,BFS
4321,3804,37,104,5.621621621621622,0.15615615615615616,BS,BFS
4321,3812,37,104,5.621621621621622,0.15615615615615616,BS,BFS
4321,4030,37,104,5.621621621621622,0.15615615615615616,IDDFS,BFS
4321,4032,37,104,5.621621621621622,0.15615615615615616,GBFS,BFS
4321,4034,37,104,5.621621621621622,0.15615615615615616,GBFS,BFS
4321,4035,37,104,5.621621621621622,0.15615615615615616,BS,BFS
4321,4040,37,104,5.621621621621622,0.15615615615615616,BS,BFS
4321,4043,37,104,5.621621621621622,0.15615615615615616,BS,BFS
4321,4051,37,104,5.621621621621622,0.15615615615615616,GBFS,BFS
4321,4057,37,104,5.621621621621622,0.15615615615615616,BS,BFS
4321,4063,37,104,5.621621621621622,0.15615615615615616,GBFS,BFS
4321,4262,37,104,5.621621621621622,0.15615615615615616,GBFS,BFS
4321,4263,37,104,5.621621621621622,0.15615615615615616,GBFS,BFS
4321,4264,37,104,5.621621621621622,0.15615615615615616,BS,BFS
4321,4266,37,104,5.621621621621622,0.15615615615615616,BS,BFS
4321,4270,37,104,5.621621621621622,0.15615615615615616,GBFS,BFS
4321,4272,37,104,5.621621621621622,0.15615615615615616,GBFS,BFS
4321,4273,37,104,5.621621621621622,0.15615615615615616,BS,BFS
4321,4324,37,104,5.621621621621622,0.15615615615615616,BS,BFS
4321,4335,37,104,5.621621621621622,0.15615615615615616,IDDFS,BFS
4321,4812,37,104,5.621621621621622,0.15615615615615616,BS,BFS
4321,4821,37,104,5.621621621621622,0.15615615615615616,BS,BFS
4324,0970,37,104,5.621621621621622,0.15615615615615616,GBFS,BFS
4324,2000,37,104,5.621621621621622,0.15615615615615616,DFS,BFS
4324,2200,37,104,5.621621621621622,0.15615615615615616,BS,BFS
4324,2820,37,104,5.621621621621622,0.15615615615615616,BS,BFS
4324,2825,37,104,5.621621621621622,0.15615615615615616,GBFS,BFS
4324,2827,37,104,5.621621621621622,0.15615615615615616,BS,BFS
4324,2846,37,104,5.621621621621622,0.15615615615615616,BS,BFS
4324,3001,37,104,5.621621621621622,0.15615615615615616,GBFS,BFS
4324,3002,37,104,5.621621621621622,0.15615615615615616,GBFS,BFS
4324,3120,37,104,5.621621621621622,0.15615615615615616,DFS,BFS
4324,3122,37,104,5.621621621621622,0.15615615615615616,BS,BFS
4324,3126,37,104,5.621621621621622,0.15615615615615616,GBFS,BFS
4324,3127,37,104,5.621621621621622,0.15615615615615616,BS,BFS
4324,3180,37,104,5.621621621621622,0.15615615615615616,BS,BFS
4324,3662,37,104,5.621621621621622,0.15615615615615616,BS,BFS
4324,3682,37,104,5.621621621621622,0.15615615615615616,BS,BFS
4324,3685,37,104,5.621621621621622,0.15615615615615616,BS,BFS
4324,3804,37,104,5.621621621621622,0.15615615615615616,BS,BFS
4324,3812,37,104,5.621621621621622,0.15615615615615616,BS,BFS
4324,4030,37,104,5.621621621621622,0.15615615615615616,GBFS,BFS
4324,4032,37,104,5.621621621621622,0.15615615615615616,GBFS,BFS
4324,4034,37,104,5.621621621621622,0.15615615615615616,BFS,BFS
4324,4035,37,104,5.621621621621622,0.15615615615615616,GBFS,BFS
4324,4040,37,104,5.621621621621622,0.15615615615615616,GBFS,BFS
4324,4043,37,104,5.621621621621622,0.15615615615615616,IDDFS,BFS
4324,4051,37,104,5.621621621621622,0.15615615615615616,BS,BFS
4324,4057,37,104,5.621621621621622,0.15615615615615616,BS,BFS
4324,4063,37,104,5.621621621621622,0.15615615615615616,GBFS,BFS
4324,4262,37,104,5.621621621621622,0.15615615615615616,GBFS,BFS
4324,4263,37,104,5.621621621621622,0.15615615615615616,BS,BFS
4324,4264,37,104,5.621621621621622,0.15615615615615616,IDDFS,BFS
4324,4266,37,104,5.621621621621622,0.15615615615615616,BS,BFS
4324,4270,37,104,5.621621621621622,0.15615615615615616,IDDFS,BFS
4324,4272,37,104,5.621621621621622,0.15615615615615616,BS,BFS
4324,4273,37,104,5.621621621621622,0.15615615615615616,BS,BFS
4324,4321,37,104,5.621621621621622,0.15615615615615616,GBFS,BFS
4324,4335,37,104,5.621621621621622,0.15615615615615616,BS,BFS
4324,4812,37,104,5.621621621621622,0.15615615615615616,BS,BFS
4324,4821,37,104,5.621621621621622,0.15615615615615616,BS,BFS
4335,0970,37,104,5.621621621621622,0.15615615615615616,GBFS,BFS
4335,2000,37,104,5.621621621621622,0.15615615615615616,GBFS,BFS
4335,2200,37,104,5.621621621621622,0.15615615615615616,BS,BFS
4335,2820,37,104,5.621621621621622,0.15615615615615616,GBFS,BFS
4335,2825,37,104,5.621621621621622,0.15615615615615616,GBFS,BFS
4335,2827,37,104,5.621621621621622,0.15615615615615616,GBFS,BFS
4335,2846,37,104,5.621621621621622,0.15615615615615616,BFS,BFS
4335,3001,37,104,5.621621621621622,0.15615615615615616,DFS,BFS
4335,3002,37,104,5.621621621621622,0.15615615615615616,DFS,BFS
4335,3120,37,104,5.621621621621622,0.15615615615615616,GBFS,BFS
4335,3122,37,104,5.621621621621622,0.15615615615615616,BS,BFS
4335,3126,37,104,5.621621621621622,0.15615615615615616,GBFS,BFS
4335,3127,37,104,5.621621621621622,0.15615615615615616,BS,BFS
4335,3180,37,104,5.621621621621622,0.15615615615615616,BS,BFS
4335,3662,37,104,5.621621621621622,0.15615615615615616,IDDFS,BFS
4335,3682,37,104,5.621621621621622,0.15615615615615616,BS,BFS
4335,3685,37,104,5.621621621621622,0.15615615615615616,GBFS,BFS
4335,3804,37,104,5.621621621621622,0.15615615615615616,GBFS,BFS
4335,3812,37,104,5.621621621621622,0.15615615615615616,GBFS,BFS
4335,4030,37,104,5.621621621621622,0.15615615615615616,IDDFS,BFS
4335,4032,37,104,5.621621621621622,0.15615615615615616,GBFS,BFS
4335,4034,37,104,5.621621621621622,0.15615615615615616,GBFS,BFS
4335,4035,37,104,5.621621621621622,0.15615615615615616,IDDFS,BFS
4335,4040,37,104,5.621621621621622,0.15615615615615616,BS,BFS
4335,4043,37,104,5.621621621621622,0.15615615615615616,BS,BFS
4335,4051,37,104,5.621621621621622,0.15615615615615616,GBFS,BFS
4335,4057,37,104,5.621621621621622,0.15615615615615616,GBFS,BFS
4335,4063,37,104,5.621621621621622,0.15615615615615616,BS,BFS
4335,4262,37,104,5.621621621621622,0.15615615615615616,BS,BFS
4335,4263,37,104,5.621621621621622,0.15615615615615616,GBFS,BFS
4335,4264,37,104,5.621621621621622,0.15615615615615616,BS,BFS
4335,4266,37,104,5.621621621621622,0.15615615615615616,BS,BFS
4335,4270,37,104,5.621621621621622,0.15615615615615616,BS,BFS
4335,4272,37,104,5.621621621621622,0.15615615615615616,GBFS,BFS
4335,4273,37,104,5.621621621621622,0.15615615615615616,BS,BFS
4335,4321,37,104,5.621621621621622,0.15615615615615616,IDDFS,BFS
4335,4324,37,104,5.621621621621622,0.15615615615615616,BS,BFS
4335,4812,37,104,5.621621621621622,0.15615615615615616,BS,BFS
4335,4821,37,104,5.621621621621622,0.15615615615615616,BS,BFS
4812,0970,37,104,5.621621621621622,0.15615615615615616,BFS,BFS
4812,2000,37,104,5.621621621621622,0.15615615615615616,DFS,BFS
4812,2200,37,104,5.621621621621622,0.15615615615615616,BFS,BFS
4812,2820,37,104,5.621621621621622,0.15615615615615616,DFS,BFS
4812,2825,37,104,5.621621621621622,0.15615615615615616,DFS,BFS
4812,2827,37,104,5.621621621621622,0.15615615615615616,DFS,BFS
4812,2846,37,104,5.621621621621622,0.15615615615615616,BFS,BFS
4812,3001,37,104,5.621621621621622,0.15615615615615616,BFS,BFS
4812,3002,37,104,5.621621621621622,0.15615615615615616,BFS,BFS
4812,3120,37,104,5.621621621621622,0.15615615615615616,BFS,BFS
4812,3122,37,104,5.621621621621622,0.15615615615615616,BFS,BFS
4812,3126,37,104,5.621621621621622,0.15615615615615616,BFS,BFS
4812,3127,37,104,5.621621621621622,0.15615615615615616,BFS,BFS
4812,3180,37,104,5.621621621621622,0.15615615615615616,BFS,BFS
4812,3662,37,104,5.621621621621622,0.15615615615615616,DFS,BFS
4812,3682,37,104,5.621621621621622,0.15615615615615616,BFS,BFS
4812,3685,37,104,5.621621621621622,0.15615615615615616,BFS,BFS
4812,3804,37,104,5.621621621621622,0.15615615615615616,BFS,BFS
4812,3812,37,104,5.621621621621622,0.15615615615615616,BFS,BFS
4812,4030,37,104,5.621621621621622,0.15615615615615616,BFS,BFS
4812,4032,37,104,5.621621621621622,0.15615615615615616,BFS,BFS
4812,4034,37,104,5.621621621621622,0.15615615615615616,BFS,BFS
4812,4035,37,104,5.621621621621622,0.15615615615615616,BFS,BFS
4812,4040,37,104,5.621621621621622,0.15615615615615616,BFS,BFS
4812,4043,37,104,5.621621621621622,0.15615615615615616,BFS,BFS
4812,4051,37,104,5.621621621621622,0.15615615615615616,BFS,BFS
4812,4057,37,104,5.621621621621622,0.15615615615615616,BFS,BFS
4812,4063,37,104,5.621621621621622,0.15615615615615616,DFS,BFS
4812,4262,37,104,5.621621621621622,0.15615615615615616,DFS,BFS
4812,4263,37,104,5.621621621621622,0.15615615615615616,BFS,BFS
4812,4264,37,104,5.621621621621622,0.15615615615615616,DFS,BFS
4812,4266,37,104,5.621621621621622,0.15615615615615616,BFS,BFS
4812,4270,37,104,5.621621621621622,0.15615615615615616,BFS,BFS
4812,4272,37,104,5.621621621621622,0.15615615615615616,DFS,BFS
4812,4273,37,104,5.621621621621622,0.15615615615615616,BFS,BFS
4812,4321,37,104,5.621621621621622,0.15615615615615616,BFS,BFS
4812,4324,37,104,5.621621621621622,0.15615615615615616,BFS,BFS
4812,4335,37,104,5.621621621621622,0.15615615615615616,DFS,BFS
4812,4821,37,104,5.621621621621622,0.15615615615615616,BFS,BFS
4821,0970,37,104,5.621621621621622,0.15615615615615616,BFS,BFS
4821,2000,37,104,5.621621621621622,0.15615615615615616,BFS,BFS
4821,2200,37,104,5.621621621621622,0.15615615615615616,BFS,BFS
4821,2820,37,104,5.621621621621622,0.15615615615615616,BFS,BFS
4821,2825,37,104,5.621621621621622,0.15615615615615616,BFS,BFS
4821,2827,37,104,5.621621621621622,0.15615615615615616,BFS,BFS
4821,2846,37,104,5.621621621621622,0.15615615615615616,BFS,BFS
4821,3001,37,104,5.621621621621622,0.15615615615615616,BFS,BFS
4821,3002,37,104,5.621621621621622,0.15615615615615616,BFS,BFS
4821,3120,37,104,5.621621621621622,0.15615615615615616,BFS,BFS
4821,3122,37,104,5.621621621621622,0.15615615615615616,DFS,BFS
4821,3126,37,104,5.621621621621622,0.15615615615615616,BFS,BFS
4821,3127,37,104,5.621621621621622,0.15615615615615616,BFS,BFS
4821,3180,37,104,5.621621621621622,0.15615615615615616,DFS,BFS
4821,3662,37,104,5.621621621621622,0.15615615615615616,BFS,BFS
4821,3682,37,104,5.621621621621622,0.15615615615615616,BFS,BFS
4821,3685,37,104,5.621621621621622,0.15615615615615616,BFS,BFS
4821,3804,37,104,5.621621621621622,0.15615615615615616,BFS,BFS
4821,3812,37,104,5.621621621621622,0.15615615615615616,BFS,BFS
4821,4030,37,104,5.621621621621622,0.15615615615615616,BFS,BFS
4821,4032,37,104,5.621621621621622,0.15615615615615616,BFS,BFS
4821,4034,37,104,5.621621621621622,0.15615615615615616,BFS,BFS
4821,4035,37,104,5.621621621621622,0.15615615615615616,BFS,BFS
4821,4040,37,104,5.621621621621622,0.15615615615615616,DFS,BFS
4821,4043,37,104,5.621621621621622,0.15615615615615616,BFS,BFS
4821,4051,37,104,5.621621621621622,0.15615615615615616,BFS,BFS
4821,4057,37,104,5.621621621621622,0.15615615615615616,DFS,BFS
4821,4063,37,104,5.621621621621622,0.15615615615615616,BFS,BFS
4821,4262,37,104,5.621621621621622,0.15615615615615616,BFS,BFS
4821,4263,37,104,5.621621621621622,0.15615615615615616,BFS,BFS
4821,4264,37,104,5.621621621621622,0.15615615615615616,BFS,BFS
4821,4266,37,104,5.621621621621622,0.15615615615615616,DFS,BFS
4821,4270,37,104,5.621621621621622,0.15615615615615616,DFS,BFS
4821,4272,37,104,5.621621621621622,0.15615615615615616,BFS,BFS
4821,4273,37,104,5.621621621621622,0.15615615615615616,BFS,BFS
4821,4321,37,104,5.621621621621622,0.15615615615615616,DFS,BFS
4821,4324,37,104,5.621621621621622,0.15615615615615616,DFS,BFS
4821,4335,37,104,5.621621621621622,0.15615615615615616,BFS,BFS
4821,4812,37,104,5.621621621621622,0.15615615615615616,BFS,BFS
